Page,X,Y,RawText,InterpretedCabin
1,152,104,Camp,
1,259,104,Mather,
1,380,104,2026,
1,470,104,Waiting,
1,604,104,List,
1,153,217,Find,
1,228,213,your,
1,306,213,waiting,
1,433,217,list,
1,490,217,number.,
1,634,217,Count,
1,743,217,number,
1,877,217,of,
1,916,217,families,
1,1054,217,above,
1,1158,223,you,
1,1227,217,requesting,
1,1406,223,same,
1,1502,217,week(s),
1,1639,217,/,
1,1660,217,cabin,
1,1758,217,size(s).,
1,188,370,Waiting,
1,334,370,List#,
1,458,374,May31-June3,
1,755,374,June3-6,
1,946,374,June7-13,
1,1152,374,June14-20,
1,1367,374,June21-27,
1,1582,374,June28-July4,
1,1860,374,July5-11,
1,2066,374,July12-18,
1,2266,374,July19-25,
1,2472,374,July,
1,2549,374,26-Aug1,
1,2728,370,Aug,
1,2796,374,2-8,
1,2934,370,Aug,
1,3005,374,9-15,
1,150,413,a,
1,321,417,a,
1,604,417,Gs,
1,946,417,GQ,
1,1367,413,7000,
1,1861,417,GQ,
1,2473,417,GO,
1,150,470,poe,
1,1130,470,facapc,facapc
1,1348,470,fapciapc,fapciapc
1,1565,470,fapcapc,fapcapc
1,1809,470,|,
1,1980,474,|,
1,2289,474,|,
1,150,526,pos,
1,1124,526,fapcapc,fapcapc
1,1341,526,|,
1,1565,526,fapcapc,fapcapc
1,1815,526,|,
1,1980,530,|,
1,2513,526,fara,
1,154,587,a,
1,703,583,Coo,
1,1150,583,GG,
1,1822,583,C0710,
1,2730,583,Co?,
1,2829,583,(oo,
1,150,639,po,
1,1032,639,force,force
1,150,696,p,
1,261,700,6,
1,373,696,CUT,
1,597,696,CT,
1,847,696,Cdr,
1,1130,696,fapcapc,fapcapc
1,1341,696,|,
1,1565,696,fapcapc,fapcapc
1,1815,696,|,
1,1986,700,|,
1,2289,700,|,
1,154,756,pT,
1,867,752,arcsec,arcsec
1,1124,752,fapcsec,fapcsec
1,1354,752,|,
1,1361,756,TT,
1,150,809,pe,
1,861,809,fac,
1,1124,809,fapcspc,fapcspc
1,1348,809,|,
1,1493,813,|,
1,1855,809,E,
1,150,865,poo,
1,373,865,CTs,
1,1130,865,fapcspc,fapcspc
1,1341,865,|,
1,1558,865,fapcispc,fapcispc
1,1815,865,|,
1,1986,869,|,
1,150,922,|,
1,248,922,to,
1,604,922,Cd,
1,920,922,fapcapc,fapcapc
1,1137,922,|,
1,1282,926,|,
1,1361,926,Ec,
1,150,978,pot,
1,450,982,aca,
1,2454,978,farcarc,farcarc
1,2684,978,|,
1,150,1035,poe,
1,861,1035,daca,
1,1130,1035,fapcapc,fapcapc
1,1348,1035,|,
1,1493,1035,TT,
1,1986,1035,Tact,
1,2466,1039,||,
1,150,1091,pos,
1,450,1095,dace,
1,2717,1091,daca,
1,2921,1091,[ar,
1,2980,1091,caPC,capc
1,3092,1091,|,
1,150,1148,poeta,
1,749,1152,ach,
1,2921,1148,fa,
1,2980,1148,ca,
1,3099,1148,|,
1,154,1208,po,
1,2039,1204,darczec,darczec
1,2243,1204,face,
1,2454,1204,fapcarc,fapcarc
1,2684,1204,||,
1,150,1261,|,
1,255,1261,te,
1,419,1261,|,
1,624,1265,|,
1,847,1261,Css,
1,1130,1261,fapczpc,fapczpc
1,1348,1261,|,
1,1558,1261,fspcsec,fspcsec
1,1815,1261,|,
1,1980,1265,|,
1,150,1317,a,
1,314,1321,A,
1,755,1321,Qe,
1,946,1321,GQ,
1,1367,1321,GG,
1,2059,1317,(1070,
1,2473,1321,GO,
1,150,1374,pte,
1,597,1374,CT,
1,900,1374,Cdsciapcapcapc,cdsciapcapcapc
1,1361,1374,||,
1,1576,1378,Esra,
1,154,1434,poo,
1,2256,1430,aac,
1,2454,1430,farcarcfarcarc,farcarcfarcarc
1,2921,1430,[|,
1,150,1487,po,
1,1545,1487,rch,rch
1,2250,1487,fercierc,fercierc
1,2447,1487,forpcierc,forpcierc
1,2691,1487,|,
1,2849,1491,|,
1,150,1543,poe,
1,450,1547,arcs,arcs
1,2678,1543,farce,farce
1,2921,1543,[aPcePc,[apcepc
1,3092,1543,|,
1,150,1600,Pp,
1,268,1604,2,
1,597,1600,CTC,
1,900,1600,Cfarcsszpcfapciapc,cfarcsszpcfapciapc
1,1348,1600,|apc.sec,|apc.sec
1,1565,1600,|,
1,1736,1604,|,
1,1986,1604,|,
1,150,1656,pos,
1,775,1656,force,force
1,1361,1660,|,
1,150,1713,pa,
1,749,1717,arco,arco
1,2717,1713,farccrc,farccrc
1,2915,1713,|,
1,150,1769,pe,
1,854,1769,isc,
1,1130,1769,fapcapc,fapcapc
1,1354,1769,|,
1,1361,1773,TTT,
1,150,1826,|,
1,268,1830,6,
1,373,1826,S|,
1,597,1826,CTC,
1,847,1826,Css,
1,1130,1826,fepciepc,fepciepc
1,1341,1826,|,
1,1558,1826,fepciepc,fepciepc
1,1776,1826,=|,
1,1986,1830,|,
1,2164,1826,CE,
1,2388,1830,|,
1,150,1882,pa?,
1,610,1882,ida,
1,926,1882,fapcapc,fapcapc
1,1137,1882,|,
1,1275,1886,|,
1,1828,1882,dacapc,dacapc
1,2052,1882,|,
1,2060,1886,|,
1,150,1939,poe,
1,1881,1939,aPC,apc
1,2460,1939,arch,arch
1,2717,1939,farciapc,farciapc
1,2915,1939,||,
1,150,1995,po,
1,597,1995,CT,
1,867,1995,src,src
1,1130,1995,fspcspc,fspcspc
1,1341,1995,|,
1,1565,1995,[spcspc,[spcspc
1,1815,1995,|,
1,1980,1999,|,
1,150,2052,po,
1,268,2056,so,
1,749,2056,rer,
1,2724,2052,err,
1,2921,2052,[oP,
1,2980,2052,CaP,
1,3059,2052,C,
1,3092,2052,|,
1,154,2112,GG,
1,1150,2108,QR,
1,1367,2108,GG,
1,2065,2108,(OO,
1,2737,2108,OE,
1,2934,2108,(2207,
1,3053,2108,cme,
1,150,2165,ps2,
1,749,2169,cr,
1,2710,2165,forcePC__[ePC.6PC,6c
1,3092,2165,|,
1,150,2221,pss,
1,446,2221,|,
1,597,2221,CT,
1,861,2221,fers,
1,1130,2221,fopcepc,fopcepc
1,1348,2221,|,
1,1493,2225,|,
1,1743,2225,|,
1,1960,2221,Csiro,
1,2256,2221,|,
1,2381,2225,|,
1,2618,2225,|,
1,150,2278,psa,
1,972,2278,aha,
1,1348,2278,|,
1,1486,2278,face,
1,1854,2282,||,
1,150,2334,pos,
1,450,2338,scp,
1,2467,2334,PT,
2,152,104,Camp,
2,259,104,Mather,
2,380,104,2026,
2,470,104,Waiting,
2,604,104,List,
2,153,217,Find,
2,228,213,your,
2,306,213,waiting,
2,433,217,list,
2,490,217,number.,
2,634,217,Count,
2,743,217,number,
2,877,217,of,
2,916,217,families,
2,1054,217,above,
2,1158,223,you,
2,1227,217,requesting,
2,1406,223,same,
2,1502,217,week(s),
2,1639,217,/,
2,1660,217,cabin,
2,1758,217,size(s).,
2,188,370,Waiting,
2,334,370,List#,
2,458,374,May31-June3,
2,755,374,June3-6,
2,946,374,June7-13,
2,1152,374,June14-20,
2,1367,374,June21-27,
2,1582,374,June28-July4,
2,1860,374,July5-11,
2,2066,374,July12-18,
2,2266,374,July19-25,
2,2472,374,July,
2,2549,374,26-Aug1,
2,2728,370,Aug,
2,2796,374,2-8,
2,2934,370,Aug,
2,3005,374,9-15,
2,150,413,pss,
2,755,413,faze,
2,1341,413,|,
2,1565,413,faa,
2,1841,413,fapcapc,fapcapc
2,2052,413,|,
2,2184,417,|,
2,2388,417,|,
2,2618,417,|,
2,150,470,ps7,
2,597,470,CT,
2,874,470,sci,
2,1124,470,fopcspc,fopcspc
2,1348,470,|,
2,1493,474,|,
2,1743,474,|,
2,1986,474,|,
2,2434,470,rcs,rcs
2,150,526,pss,
2,650,526,darcy,darcy
2,1137,526,fapcapc,fapcapc
2,1348,526,|,
2,1361,530,Tara,
2,150,583,psa,
2,749,587,arch,arch
2,2717,583,daca,
2,2921,583,[ar,
2,2980,583,caPC,capc
2,3092,583,|,
2,150,639,pao,
2,1124,639,fercshec,fercshec
2,1361,643,|,
2,150,696,pan,
2,450,700,Perch,perch
2,1354,696,|,
2,2210,696,cer,
2,2717,696,orcicrc,orcicrc
2,2915,696,|,
2,154,756,A,
2,755,756,GG,
2,1177,752,0c,
2,1367,752,GR,
2,1960,756,(OO,
2,150,809,pas,
2,749,813,ctr,
2,2460,809,PT,
2,150,865,pa,
2,749,869,force,force
2,2460,865,|,
2,150,922,po,
2,749,926,rch,rch
2,150,978,pas,
2,450,982,force,force
2,2467,978,|,
2,154,1039,pam,
2,2263,1035,scsec,
2,2460,1035,|,
2,150,1091,pas,
2,450,1095,forsee,
2,154,1152,a,
2,604,1152,GG,
2,1150,1148,GO,
2,1367,1148,G0,
2,1703,1148,oo,
2,1861,1152,GG,
2,2473,1152,OG,
2,150,1204,poco,
2,450,1208,foes,
2,3099,1204,|,
2,150,1261,psa,
2,749,1265,ach,
2,2921,1261,face,
2,3099,1261,|,
2,150,1317,psa,
2,749,1321,srr,
2,150,1374,pss,
2,624,1374,sdfcnapc,sdfcnapc
2,940,1378,|,
2,1146,1378,fara,
2,150,1430,|,
2,268,1430,aT,
2,597,1430,CT,
2,854,1430,irc,irc
2,1130,1430,fopcspc,fopcspc
2,1341,1430,|,
2,1558,1430,fepcspc,fepcspc
2,1815,1430,|,
2,1986,1434,|,
2,150,1487,pss,
2,406,1487,TCT,
2,847,1487,Cccp,
2,1130,1487,fapcspc,fapcspc
2,1348,1487,|,
2,1493,1491,|,
2,1576,1491,Each,
2,150,1543,|,
2,255,1543,se,
2,419,1543,|,
2,597,1543,CT,
2,861,1543,darcy,darcy
2,1137,1543,fapcapc,fapcapc
2,1348,1543,fapcapc,fapcapc
2,1565,1543,|,
2,1743,1547,|,
2,1986,1547,|,
2,150,1600,ps7,
2,604,1604,CT,
2,1130,1600,srcshc,srcshc
2,1361,1604,|,
2,2427,1600,PCP,pcp
2,150,1656,poss,
2,419,1656,|,
2,1045,1656,aap,
2,1841,1656,farcarc_|apcapc,farcarc_|apcapc
2,2256,1656,|,
2,2388,1656,||,
2,150,1713,psa,
2,821,1713,fect,
2,1361,1717,|,
2,2342,1713,ChCP,
2,2980,1713,CAP,
2,3059,1713,C,
2,3099,1713,|,
2,150,1769,|,
2,255,1769,co,
2,380,1769,CT,
2,597,1769,CCT,
2,847,1769,Cryer,
2,1130,1769,fopciepc,fopciepc
2,1341,1769,|,
2,1558,1769,fepcepc,fepcepc
2,1815,1769,|,
2,1980,1773,|,
2,150,1826,poet,
2,1519,1826,dacs,
2,2250,1826,fapcerc,fapcerc
2,2460,1826,|,
2,2618,1830,|,
2,2921,1826,aC6PC,6c
2,150,1882,pee,
2,450,1886,arcs,arcs
2,2717,1882,arcs,arcs
2,2921,1882,[aPC.5PC,5c
2,3099,1882,|,
2,150,1939,pos,
2,450,1943,Torch,torch
2,1354,1939,|,
2,1953,1939,Csr,
2,2717,1939,orcicrc,orcicrc
2,2915,1939,|,
2,150,1995,pea,
2,979,1995,force,force
2,1854,1995,tierce,tierce
2,2723,1999,||,
2,150,2052,ps,
2,406,2052,TCT,
2,874,2052,scrape,
2,1146,2052,||,
2,1762,2052,cape,
2,2260,2052,|||,
2,2862,2052,PCP,pcp
2,150,2108,pes,
2,450,2112,farce,farce
2,2717,2108,farcarc,farcarc
2,2915,2108,|,
2,150,2165,poem,
2,450,2169,Torch,torch
2,2243,2165,forcrerc,forcrerc
2,2460,2165,|,
2,2618,2165,|,
2,150,2221,|,
2,255,2221,es,
2,387,2221,CT,
2,597,2221,CT,
2,913,2221,iercyapcfopcapc,iercyapcfopcapc
2,1354,2221,|,
2,1493,2221,TT,
2,2309,2221,frac,
2,150,2278,pos,
2,597,2278,CT,
2,907,2278,isrcspc,isrcspc
2,1146,2278,||,
2,1473,2278,Cope,
2,1854,2278,||,
2,2543,2317,"CPC,","cpc,"
2,2925,2278,|,
2,150,2334,I,
2,314,2338,OQ,
2,946,2338,GG,
2,1367,2338,GO,
3,152,104,Camp,
3,259,104,Mather,
3,380,104,2026,
3,470,104,Waiting,
3,604,104,List,
3,153,217,Find,
3,228,213,your,
3,306,213,waiting,
3,433,217,list,
3,490,217,number.,
3,634,217,Count,
3,743,217,number,
3,877,217,of,
3,916,217,families,
3,1054,217,above,
3,1158,223,you,
3,1227,217,requesting,
3,1406,223,same,
3,1502,217,week(s),
3,1639,217,/,
3,1660,217,cabin,
3,1758,217,size(s).,
3,188,370,Waiting,
3,334,370,List#,
3,458,374,May31-June3,
3,755,374,June3-6,
3,946,374,June7-13,
3,1152,374,June14-20,
3,1367,374,June21-27,
3,1582,374,June28-July4,
3,1860,374,July5-11,
3,2066,374,July12-18,
3,2266,374,July19-25,
3,2472,374,July,
3,2549,374,26-Aug1,
3,2728,370,Aug,
3,2796,374,2-8,
3,2934,370,Aug,
3,3005,374,9-15,
3,150,386,Pom,
3,1552,386,feces,
3,2708,386,lercsrc,lercsrc
3,2921,386,|,
3,150,443,[a,
3,583,443,S—SiCSC*idC,
3,1051,474,i,
3,1361,474,SCSC~SCt‘“‘*~é~iSCSC~*SCCSCSCSidcae,
3,2674,443,fora,
3,150,499,p98,
3,932,499,area,
3,1144,499,arcapcepcaee,arcapcepcaee
3,1576,530,|,
3,1854,530,CCCdCCSC=‘idSC“‘(‘“‘“LNNC#”,
3,154,556,ZS,
3,464,587,a,
3,753,587,CO,
3,1722,587,CO,
3,2606,587,So,
3,150,612,SA,
3,456,643,CC,
3,1051,643,Oc,
3,1722,612,12/0120,
3,154,700,A,
3,450,700,CC,
3,2232,669,CASO,
3,2963,669,OSS,
3,150,725,SS,
3,303,756,ZC,
3,753,725,CO,
3,1008,756,oO,
3,1361,756,Soo,
3,154,813,A,
3,592,813,YC,
3,940,813,OC,
3,2181,782,SC,
3,154,869,SC,
3,753,838,Ca,
3,1076,838,2%,
3,1255,869,cc,
3,2181,869,So,
3,150,895,[eo,
3,450,926,SC—sSCtst‘iSC“‘SLNNNO*DSC*dSSNNSOS,
3,1960,895,Sica,
3,2674,895,_darcsro,_darcsro
3,2921,895,|,
3,154,951,aiid,
3,855,951,sda,
3,1008,951,sree,
3,1442,951,Cider,
3,1854,982,CCC*irSC(‘(‘SSCSSOOC‘“‘#NNNOC#”#,
3,150,1008,[ep,
3,719,1039,+,
3,906,1039,i,
3,940,1039,CidSCOti‘“—*~*sdSSCS™SC‘iSCSCS*«*d,
3,2088,1008,RP,
3,2258,1008,fsPAP_,
3,2462,1008,fe,
3,2683,1008,|SCdSCSC*d,
3,154,1095,SC,
3,753,1064,CN,
3,974,1064,01,
3,1178,1064,20,
3,1263,1095,cc,
3,1576,1095,Co,
3,150,1121,pe,
3,450,1152,C—C—sSCts=‘dYSC“‘<NNSC#CN‘CNS,
3,1425,1121,(NNN,
3,1552,1121,SNDNNWWNW’“,
3,1807,1121,»-s|,
3,1969,1121,sider,
3,2717,1121,forcsrc,forcsrc
3,2921,1121,|,
3,150,1177,ps,
3,855,1208,i,
3,1892,1177,enforce,enforce
3,2249,1177,fercrrc,fercrrc
3,2470,1177,|,
3,2623,1208,TCS,
3,150,1234,pes,
3,583,1234,SCSsCSCSiSC,
3,940,1265,OSS,
3,2028,1234,idea,
3,2598,1234,~«*d,
3,2793,1234,PPC,ppc
3,3014,1234,APC,apc
3,154,1321,a,
3,2300,1290,afar,
3,2708,1290,dorcarc,dorcarc
3,150,1347,[ss,
3,422,1347,iSCS~—~SCSCS*éiP,
3,1034,1347,PPPS,
3,1361,1378,CdSCSCSCSC“~‘iSSC“‘iSSC‘“dSC‘“‘(‘sWC#CN#C#d,
3,2768,1347,CPCS,cpcs
3,154,1434,SC,
3,753,1403,Ca,
3,940,1434,OC,
3,2181,1403,5X,
3,2538,1403,oS,
3,154,1491,a,
3,600,1491,CO,
3,1926,1491,Oc,
3,154,1547,CC,
3,1076,1547,2%,
3,2436,1516,PSO,
3,2972,1516,Ye,
3,150,1573,[sf,
3,450,1604,tC~=~SC(“it*é‘“‘iPECCSC~‘“dRSC“‘C*dO#*édSGaPC—~—~idica,tc~=~sc(“it*é‘“‘ipeccsc~‘“drsc“‘c*do#*édsgapc—~—~idica
3,2691,1573,TCC,
3,154,1660,ps,
3,1569,1629,esa“,
3,2045,1629,forcarc,forcarc
3,2258,1660,[CC,
3,150,1686,[es,
3,592,1686,SCiCSC*dSCSSSCiP,
3,1229,1686,SP,
3,1467,1686,S—~idaegPC—iaerc,s—~idaegpc—iaerc
3,2054,1686,|,
3,2060,1717,CdPSCSCSC~‘iSCSC‘“‘irLC*‘*,
3,154,1773,OC,
3,949,1773,GO,
3,1501,1773,oo,
3,150,1799,[ssi,
3,541,1799,SCSt~—<~srSC*~‘“~*~siP,
3,1034,1799,PC,pc
3,1212,1799,SCSC~rSC“‘“‘*diS,
3,1603,1799,PC,pc
3,1576,1830,wC™SCSC~iSC“‘“‘S*U#éigSOwPO'SSC*dSSC“‘“‘CS*LSOC*é*S,
3,154,1886,rsp,
3,2266,1855,rcs,rcs
3,2462,1855,farce,farce
3,154,1912,se,
3,592,1912,SCiSCSC~iSCSiPcaec,sciscsc~iscsipcaec
3,1361,1943,CC—CisSSC“‘“RNNC*#*dNNC‘SN’NNUYNNNTWW.,
3,2725,1912,"@’""—s—«d",
3,154,1999,p99,
3,154,2056,CC,
3,949,2056,OO,
3,1722,2056,A,
3,2060,2056,15001,
3,150,2081,SR,
3,371,2112,CC,
3,1051,2112,Oc,
3,1790,2081,oo?,
3,150,2138,pao,
3,583,2138,S—SsCCSd,
3,940,2169,Oise,
3,2368,2138,Cidacsr|—«*d,
3,3014,2138,PO,
3,154,2225,03,
3,1153,2225,re,
3,150,2251,poe,
3,583,2251,—sCSCidC,
3,1042,2251,SCSdSCSSC*dSC(t~*éi,
3,1671,2251,Psa,
3,2156,2251,CSC“‘*‘“dSCS*~*~*~*~dP,
3,2819,2251,PCS,pcs
3,150,2307,p05,
3,450,2338,reser,
3,2462,2307,farce,farce
4,152,104,Camp,
4,259,104,Mather,
4,380,104,2026,
4,470,104,Waiting,
4,604,104,List,
4,153,217,Find,
4,228,213,your,
4,306,213,waiting,
4,433,217,list,
4,490,217,number.,
4,634,217,Count,
4,743,217,number,
4,877,217,of,
4,916,217,families,
4,1054,217,above,
4,1158,223,you,
4,1227,217,requesting,
4,1406,223,same,
4,1502,217,week(s),
4,1639,217,/,
4,1660,217,cabin,
4,1758,217,size(s).,
4,188,370,Waiting,
4,334,370,List#,
4,458,374,May31-June3,
4,755,374,June3-6,
4,946,374,June7-13,
4,1152,374,June14-20,
4,1367,374,June21-27,
4,1582,374,June28-July4,
4,1860,374,July5-11,
4,2066,374,July12-18,
4,2266,374,July19-25,
4,2472,374,July,
4,2549,374,26-Aug1,
4,2728,370,Aug,
4,2796,374,2-8,
4,2934,370,Aug,
4,3005,374,9-15,
4,150,413,|,
4,242,413,toe,
4,419,413,|,
4,597,417,CT,
4,1841,413,forcsrc_orcisrc_fepcspc,forcsrc_orcisrc_fepcspc
4,2454,413,|,
4,2618,417,|,
4,2849,417,|,
4,150,470,|,
4,242,470,tom,
4,439,470,|,
4,450,474,sesh,
4,2250,470,fsrcrerc,fsrcrerc
4,2460,470,|,
4,2618,470,|,
4,2849,470,SPCC,spcc
4,150,526,Pp,
4,242,526,top|,
4,1032,526,force,force
4,1854,530,trac,
4,2717,526,erciapc,erciapc
4,2915,526,|,
4,273,600,CC,
4,450,587,A,
4,874,583,070,
4,1197,587,1,
4,2165,587,C5,
4,150,639,|,
4,255,639,to,
4,446,639,|,
4,604,639,Cd,
4,926,639,fapciapc,fapciapc
4,1130,639,[|,
4,1348,639,fapcapc,fapcapc
4,1565,639,|,
4,1576,643,||,
4,150,696,pot,
4,450,700,arch,arch
4,2243,696,dcp,
4,2710,696,farcsspc,farcsspc
4,2915,696,|,
4,154,756,paca,
4,2454,752,farcrarcfarcarc,farcrarcfarcarc
4,2915,752,[|,
4,150,809,pos,
4,450,813,Porch,porch
4,2250,809,|,
4,2454,809,fercercorcierc,fercercorcierc
4,2915,809,|,
4,154,869,potas,
4,2454,865,farcsrcfarcisrpc,farcsrcfarcisrpc
4,2915,865,[|,
4,150,922,pots,
4,450,926,|,
4,1130,922,spczhpc,spczhpc
4,1348,922,|,
4,1558,922,fscgec,
4,1854,922,||,
4,150,978,pote,
4,450,982,force,force
4,2684,978,|,
4,150,1035,|,
4,268,1035,tt7,
4,413,1035,|,
4,610,1035,sda,
4,920,1035,fapcapc,fapcapc
4,1137,1035,|,
4,1275,1039,|,
4,1558,1035,facapc,facapc
4,1854,1039,||,
4,749,1095,poche,
4,2048,1091,TT,
4,2456,1091,apcorc,apcorc
4,2687,1091,|,
4,2917,1091,fac,
4,150,1148,Pp,
4,209,1148,ottg,
4,426,1148,|,
4,450,1152,CAPC,capc
4,2467,1148,5PC,5c
4,2552,1148,aPC,apc
4,2724,1148,5PCaPC,5c
4,2915,1148,|,
4,150,1204,po,
4,439,1204,|,
4,450,1208,arcs,arcs
4,2046,1204,farcisrc,farcisrc
4,2250,1204,|,
4,2454,1204,dapcsrc,dapcsrc
4,2691,1204,|,
4,2849,1204,|,
4,150,1261,|,
4,242,1261,tat,
4,446,1261,|,
4,597,1261,CT,
4,854,1261,CT,
4,1117,1261,fepcyehcopcispc,fepcyehcopcispc
4,1558,1261,fepcepc,fepcepc
4,1822,1261,|,
4,1986,1265,|,
4,2164,1261,CE,
4,2388,1265,|,
4,154,1321,2,
4,755,1321,GG,
4,1144,1317,(900,
4,1367,1321,Gn,
4,1861,1317,GG,
4,2269,1321,OO,
4,150,1374,potas,
4,749,1378,esr,
4,2710,1374,forc5PC__[ePC.5PC,5c
4,3092,1374,|,
4,150,1430,potas,
4,450,1434,Pcp,pcp
4,2717,1430,|srcerC__[SPC.EPC,|srcerc__[spc.epc
4,3092,1430,|,
4,150,1487,pts,
4,1624,1487,desc,
4,2250,1487,fapcerc,fapcerc
4,2447,1487,fapcerc,fapcerc
4,2691,1487,|,
4,2849,1491,|,
4,150,1543,pe,
4,413,1543,TCT,
4,1130,1543,ercspc,ercspc
4,1341,1543,|,
4,1558,1543,fepcspcferc'spc_,fepcspcferc'spc_
4,2046,1543,|,
4,2184,1547,|,
4,2388,1547,|,
4,2618,1547,|,
4,150,1600,Pp,
4,242,1600,tam,
4,450,1604,|,
4,1335,1600,arcsec,arcsec
4,2052,1600,|,
4,2276,1600,dcop,
4,2710,1600,fapcisrc,fapcisrc
4,2929,1604,|,
4,150,1656,pte,
4,597,1656,CT,
4,861,1656,fara,
4,1137,1656,fapcapc,fapcapc
4,1348,1656,|,
4,1361,1660,Tf,
4,2980,1656,ca,
4,150,1713,po,
4,749,1717,sehr,
4,2921,1713,[BP,
4,2980,1713,CAP,
4,3099,1713,|,
4,150,1769,pogo,
4,450,1773,fac,
4,154,1830,post,
4,2717,1826,srcsrc,srcsrc
4,154,1886,RG,
4,940,1886,(0,
4,1367,1886,GG,
4,2072,1882,10-10,
4,2599,1882,(10710,
4,150,1939,|,
4,248,1939,ass,
4,450,1943,|,
4,861,1939,dacs,
4,1130,1939,fapcspc,fapcspc
4,1348,1939,|,
4,1493,1939,||,
4,1980,1943,|p,
4,2466,1943,||,
4,150,1995,|,
4,242,1995,tsa,
4,450,1999,|,
4,861,1995,dsp,
4,1130,1995,fapcspc,fapcspc
4,1341,1995,|,
4,1558,1995,fapcapc,fapcapc
4,1815,1995,|,
4,1986,1999,|,
4,150,2052,|,
4,248,2052,iss,
4,413,2052,|,
4,604,2052,CTC,
4,900,2052,Cdacopts,
4,1130,2052,[apciepts,[apciepts
4,1348,2052,|,
4,1565,2052,"fapcepts,","fapcepts,"
4,1789,2052,=|,
4,1980,2056,|,
4,2190,2056,ET,
4,150,2108,pose,
4,450,2112,Prac,
4,2678,2108,feria,
4,2921,2108,[oP,
4,2980,2108,car,
4,3092,2108,|,
4,150,2165,ps7,
4,450,2169,|,
4,1341,2165,rch,rch
4,2046,2165,|,
4,2250,2165,fercspc,fercspc
4,2454,2165,epcsrpc,epcsrpc
4,2691,2165,|,
4,2849,2169,|,
4,1146,2225,porch,porch
4,2919,2221,[8,
4,2978,2221,C.3PC,3c
4,3090,2221,|,
4,940,2278,pT,
4,1146,2282,sch,
4,2456,2278,fapcarpc,fapcarpc
4,2720,2278,apcapc,apcapc
4,2917,2278,|,
4,150,2334,|,
4,242,2334,too,
4,450,2338,Torch,torch
5,152,104,Camp,
5,259,104,Mather,
5,380,104,2026,
5,470,104,Waiting,
5,604,104,List,
5,153,217,Find,
5,228,213,your,
5,306,213,waiting,
5,433,217,list,
5,490,217,number.,
5,634,217,Count,
5,743,217,number,
5,877,217,of,
5,916,217,families,
5,1054,217,above,
5,1158,223,you,
5,1227,217,requesting,
5,1406,223,same,
5,1502,217,week(s),
5,1639,217,/,
5,1660,217,cabin,
5,1758,217,size(s).,
5,188,370,Waiting,
5,334,370,List#,
5,458,374,May31-June3,
5,755,374,June3-6,
5,946,374,June7-13,
5,1152,374,June14-20,
5,1367,374,June21-27,
5,1582,374,June28-July4,
5,1860,374,July5-11,
5,2066,374,July12-18,
5,2266,374,July19-25,
5,2472,374,July,
5,2549,374,26-Aug1,
5,2728,370,Aug,
5,2796,374,2-8,
5,2934,370,Aug,
5,3005,374,9-15,
5,154,417,a,
5,592,417,SC,
5,1034,417,SC,
5,1576,417,Xo,
5,150,443,[aa,
5,450,474,SC—sSCtCSC—‘iSSC“‘“iRSCSC*dSCSCSC~iSCOC‘“‘*t‘“‘*éi,
5,1943,443,SPP,
5,2147,443,SPT,
5,2258,443,orSPC,orspc
5,2462,443,|,
5,2649,443,CTSCdSCOC*d,
5,154,499,cA,
5,456,530,OC,
5,1399,530,A,
5,2181,530,SX,
5,2538,530,CS,
5,150,556,pa,
5,498,556,SOS—~—iSCtC~—i‘iSCSC~‘iP,
5,1229,556,SP,
5,1459,556,SC~dSCOC‘“‘C™C*drSCOC~*~*d,
5,2088,556,PPO,
5,2258,556,ercspc,ercspc
5,2462,556,|,
5,2674,556,CTCdTSCOC*d,
5,154,643,SC,
5,753,643,CO,
5,1943,643,2%,
5,2606,612,So?,
5,154,669,as,
5,450,700,SSC—~—~iSCi‘~‘iPSCOCCSCSC~‘iSC“‘“‘CSC*sSOC‘RSNNSN#C#CNNNNST,
5,2623,669,orca,orca
5,2929,669,oraro,
5,3099,669,|,
5,150,725,ga,
5,1586,756,ssa,
5,150,782,ps,
5,450,813,SC—~—SC“‘“‘iL~C*dSCOSC*C“‘i(!C~*dac,
5,1663,782,sc,
5,1773,782,—idaosro,
5,2054,782,acer,
5,2266,782,|,
5,2411,782,CPSCOC~‘idRSC“‘(Sé‘*drC*é”,cpscoc~‘idrsc“‘(sé‘*drc*é”
5,154,869,CC,
5,940,869,CR,
5,2734,838,SSO,
5,2972,838,TSCM,
5,150,895,[aso,
5,450,926,SSC~—<isdSCi‘~‘iPPCSC~dSCSSSSCSiSCSSCSi,ssc~—<isdsci‘~‘ippcsc~dscsssscsiscsscsi
5,2156,895,Sidi,
5,2810,895,sor,
5,154,982,CO,
5,949,982,A,
5,1722,982,A,
5,2071,951,Sco,
5,150,1008,[asa,
5,541,1008,S~*~=<“~*‘idSC*~‘~*‘i,
5,974,1008,PPPS,
5,1361,1039,CdSCSC“‘*‘~sSC*~‘iSC“‘(‘“N#CONWC#(#‘C(CCOC*‘#zdéz,
5,2963,1008,PoP,
5,150,1064,pass,
5,1144,1064,arcsec,arcsec
5,150,1121,pasa,
5,583,1121,Ci,
5,838,1121,Sid,
5,940,1152,SCidCSC*idSCSCSC*dS*i,
5,2181,1121,aPC,apc
5,2462,1121,aPPS,
5,2691,1121,SCS”,
5,150,1177,pass,
5,749,1208,rcs,rcs
5,2453,1177,face,
5,2717,1177,lercsre,lercsre
5,2921,1177,|,
5,150,1234,pass,
5,600,1234,SiC,
5,838,1234,SCS,
5,940,1265,SSS,
5,2479,1234,cafe,
5,2776,1234,ca,
5,2929,1234,aa,
5,154,1321,SC,
5,940,1321,CR,
5,2768,1290,TSO,
5,2972,1290,TCR,
5,150,1347,pases,
5,549,1347,SC~—“—*isSC“‘*‘dSSCSC~*iP,
5,1238,1347,PS,
5,1361,1378,CS~iwCCC~‘iS*‘“‘C*srSPCCP:~CTCdCC*”,cs~iwccc~‘is*‘“‘c*srspccp:~ctcdcc*”
5,150,1403,ps9,
5,1144,1403,orca,orca
5,1442,1403,idea,
5,1969,1403,iirc,iirc
5,150,1460,[aco,
5,450,1491,SC—CiSC(tst‘“RSSCSC*‘“RSC*C‘“‘(S#dSOS*C‘“‘é#OBPCPCSCPCSC*~dSC“‘“RSNNNCOOCNSCC“‘LWN,sc—cisc(tst‘“rsscsc*‘“rsc*c‘“‘(s#dsos*c‘“‘é#obpcpcscpcsc*~dsc“‘“rsnnncoocnscc“‘lwn
5,2912,1460,‘LWT.,
5,154,1547,CC,
5,2606,1516,SPRY,
5,150,1573,[aes,
5,450,1604,S—iSCts—‘iSSCSC*dSC(tSC*dSC(CtC~*~‘i,
5,1646,1573,PCP,pcp
5,2062,1573,PO,
5,2351,1604,CCPSC*~dSC(‘(‘COLOC*”,
5,150,1629,pes,
5,770,1629,rer,
5,1569,1629,acigrc,acigrc
5,1807,1629,farce,farce
5,2060,1660,|S,
5,150,1686,pasa,
5,600,1686,SCiOSC*dCircsrc,sciosc*dcircsrc
5,1361,1717,COdCSSSC*iSCSC~iSCtCSC~iCSC«S,
5,2776,1686,PoP,
5,3023,1686,PC,pc
5,154,1773,CC,
5,1051,1773,OC,
5,2173,1773,10,
5,150,1799,[aes,
5,532,1799,SCS~*~<—~idSC*‘“~*‘i,
5,974,1799,PSPSPS,
5,1361,1830,CC~*~iPoOCPC*dPSC(“‘CNNNOCO#*dNSSCOCC‘“‘#CNOC*‘”rR#$#T“##W,cc~*~ipoocpc*dpsc(“‘cnnnoco#*dnsscocc‘“‘#cnoc*‘”rr#$#t“##w
5,154,1886,pe,
5,2589,1855,Yas,
5,2938,1855,PO,
5,3014,1855,SPC,spc
5,154,1943,[_aces—i~SS~*~“~*‘“‘idSC*d,
5,974,1912,PPC,ppc
5,1110,1912,CsPORPCePceS,csporpcepces
5,1569,1912,|,
5,1697,1943,CC~dPSC“‘“‘CCYSONOC‘#SN’N’NWYNNNNNN.-,
5,2717,1912,Y’s—sd|,
5,154,1999,SC,
5,753,1968,Ca,
5,940,1999,OC,
5,2198,1968,Xo,
5,154,2056,SC,
5,949,2056,OO,
5,1722,2025,ON,
5,2071,2025,500015,
5,150,2081,SS,
5,371,2112,CC,
5,974,2112,oO,
5,2453,2081,SOR,
5,2997,2081,SR,
5,150,2138,pa,
5,583,2138,S—tiCSCSd,
5,1161,2169,OSS,
5,1969,2169,S,
5,2275,2169,SP,
5,2717,2138,faP2PC_faPC.3PC,2c
5,150,2194,pas,
5,915,2194,devs,
5,1144,2194,erosro,
5,1450,2194,id,
5,1576,2225,CCiCCC—‘idOCC‘irSC“‘“C*LSC#”,
5,150,2251,[aa,
5,450,2282,S—iSCC—i‘iSC(‘C*t*dSCSSC*C*‘“(RSC“‘é#déPCNSPO_Joc.sPc_fepospo,s—iscc—i‘isc(‘c*t*dscssc*c*‘“(rsc“‘é#dépcnspo_joc.spc_fepospo
5,2470,2251,|,
5,2640,2251,——=d|~SOSCSC~irSCSC~CS~*,
5,150,2307,pas,
5,450,2338,naa,
5,2929,2307,ara,
6,152,104,Camp,
6,259,104,Mather,
6,380,104,2026,
6,470,104,Waiting,
6,604,104,List,
6,153,217,Find,
6,228,213,your,
6,306,213,waiting,
6,433,217,list,
6,490,217,number.,
6,634,217,Count,
6,743,217,number,
6,877,217,of,
6,916,217,families,
6,1054,217,above,
6,1158,223,you,
6,1227,217,requesting,
6,1406,223,same,
6,1502,217,week(s),
6,1639,217,/,
6,1660,217,cabin,
6,1758,217,size(s).,
6,188,370,Waiting,
6,334,370,List#,
6,458,374,May31-June3,
6,755,374,June3-6,
6,946,374,June7-13,
6,1152,374,June14-20,
6,1367,374,June21-27,
6,1582,374,June28-July4,
6,1860,374,July5-11,
6,2066,374,July12-18,
6,2266,374,July19-25,
6,2472,374,July,
6,2549,374,26-Aug1,
6,2728,370,Aug,
6,2796,374,2-8,
6,2934,370,Aug,
6,3005,374,9-15,
6,150,413,pte,
6,597,413,CT,
6,900,413,sfrcispc,sfrcispc
6,1146,413,fT,
6,1361,417,rch,rch
6,2980,413,C.SPC,c.spc
6,3092,413,|,
6,150,470,pom,
6,450,474,ers,
6,2776,470,CeRC__[5PC.EPC,5c
6,3092,470,|,
6,150,526,pote,
6,450,530,|,
6,2052,526,srcizrc,srcizrc
6,2250,526,|,
6,2454,526,fsrcarc,fsrcarc
6,2684,526,|,
6,150,583,|,
6,248,583,iva,
6,610,583,CidLC,
6,847,583,Cds,
6,1130,583,[apciepts,[apciepts
6,1348,583,|,
6,1565,583,"fapcepts,","fapcepts,"
6,1789,583,=|,
6,1980,587,|,
6,2190,583,ET,
6,150,639,pte,
6,446,639,|,
6,450,643,rcs,rcs
6,2717,639,fercspc_[ePc.5PC,5c
6,3099,639,|,
6,150,696,|,
6,242,696,tet,
6,413,696,|,
6,597,696,CT,
6,847,696,ssa,
6,1144,696,epcapc,epcapc
6,1341,696,|,
6,1558,696,fepcapc,fepcapc
6,1815,696,|,
6,1986,700,|,
6,2060,700,ETC,
6,150,752,RR,
6,518,756,GG,
6,1150,756,GG,
6,1861,756,GN,
6,2065,752,C100,
6,2473,756,OO,
6,150,809,potas,
6,450,813,|,
6,1532,809,sesh,
6,2223,809,_fspczec,_fspczec
6,2447,809,|spcsrec,|spcsrec
6,2691,809,|,
6,2849,813,|,
6,150,865,|,
6,242,865,tea,
6,426,865,|,
6,841,865,pcr,pcr
6,1361,869,|,
6,2111,865,cope,
6,2460,865,srpcerc,srpcerc
6,2691,865,|,
6,2849,869,|,
6,150,922,Pp,
6,261,922,tes,
6,450,922,TT,
6,913,922,dpcrapc,dpcrapc
6,1146,926,PP,
6,2315,926,aC,
6,2921,922,fa,
6,2980,922,CaP,
6,3059,922,C,
6,3099,922,|,
6,150,978,potas,
6,419,978,|,
6,450,982,crc,crc
6,2710,978,|r,
6,2803,978,ePC__[SPC.EPC,epc__[spc.epc
6,3099,978,|,
6,154,1039,GG,
6,1150,1035,GG,
6,1861,1035,GY,
6,2065,1035,(C3,
6,2309,1035,0X2,
6,2388,1035,oO,
6,150,1091,|,
6,242,1091,tes,
6,419,1091,|,
6,597,1091,CT,
6,907,1091,ifrcrapc,ifrcrapc
6,1146,1091,fT,
6,1828,1091,fect,
6,2460,1091,orcapc,orcapc
6,2691,1091,|,
6,2849,1095,|,
6,150,1148,|,
6,242,1148,tao,
6,450,1152,|,
6,1881,1148,sec,
6,2454,1148,|,
6,2710,1148,farcsrc,farcsrc
6,150,1204,|,
6,261,1204,90,
6,446,1204,|,
6,847,1204,csp,
6,1348,1204,|,
6,1565,1204,fapcgpc,fapcgpc
6,1854,1208,||,
6,2447,1204,darczec,darczec
6,2723,1208,||,
6,150,1261,|,
6,242,1261,tot,
6,446,1261,|,
6,716,1261,idcnapc,idcnapc
6,940,1265,|,
6,150,1317,pte,
6,450,1321,|,
6,2052,1317,erczrc,erczrc
6,2243,1317,fepcapc,fepcapc
6,2460,1317,||P,
6,3013,1317,APC,apc
6,150,1374,pos,
6,450,1378,Perec,
6,2915,1374,[oP,
6,2980,1374,CePC,cepc
6,3092,1374,|,
6,150,1430,),
6,242,1430,toa,
6,450,1434,|,
6,907,1430,ifpcspc,ifpcspc
6,1137,1430,|,
6,1146,1434,|,
6,150,1487,|,
6,242,1487,ts,
6,413,1487,|,
6,597,1487,CT,
6,847,1487,Cds,
6,1130,1487,fapcspc,fapcspc
6,1354,1487,|,
6,1493,1487,TE,
6,1986,1491,|,
6,150,1543,|,
6,255,1543,96,
6,413,1543,|,
6,597,1543,CT,
6,847,1543,ida,
6,1130,1543,fapcspc,fapcspc
6,1354,1543,|,
6,1493,1547,|,
6,1576,1547,TT,
6,150,1600,|,
6,242,1600,tom,
6,446,1600,|,
6,597,1604,CT,
6,1137,1600,spcspts,spcspts
6,1361,1604,|,
6,150,1656,|,
6,242,1656,tog,
6,413,1656,|,
6,610,1656,ida,
6,933,1656,|,
6,1137,1656,fapcapc,fapcapc
6,1348,1656,|,
6,1493,1656,TE,
6,2019,1656,Cdpcapc,cdpcapc
6,2260,1660,|||,
6,150,1713,po,
6,749,1717,rca,rca
6,2467,1713,orcarc,orcarc
6,2684,1713,|,
6,2954,1713,CaP,
6,150,1769,|,
6,242,1769,200,
6,446,1769,|,
6,450,1773,core,
6,2460,1769,|,
6,150,1826,|,
6,255,1826,on,
6,446,1826,|,
6,597,1830,CT,
6,1130,1826,ercshc,ercshc
6,1361,1830,|,
6,2190,1826,sesh,
6,2724,1826,orcisrc,orcisrc
6,2929,1830,|,
6,150,1882,|,
6,255,1882,02,
6,446,1882,|,
6,597,1886,CT,
6,1124,1882,fercshec,fercshec
6,1361,1886,|,
6,2322,1882,rch,rch
6,2921,1882,[oP,
6,2980,1882,CSP,
6,3059,1882,C,
6,3092,1882,|,
6,150,1939,|,
6,255,1939,os,
6,446,1939,|,
6,597,1939,CT,
6,874,1939,Torch,torch
6,1341,1939,|,
6,1558,1939,fecspc,fecspc
6,1789,1939,i,
6,1841,1939,fopcsspc,fopcsspc
6,2052,1939,|,
6,2184,1943,|,
6,2388,1943,|,
6,2618,1943,|,
6,150,1995,|,
6,255,1995,oa,
6,446,1995,|,
6,597,1995,CT,
6,867,1995,scp,
6,1146,1995,P|,
6,1361,1999,sch,
6,2915,1995,[5PC.PC,5c
6,3099,1995,|,
6,150,2052,pos,
6,450,2056,|,
6,2046,2052,oresrec,
6,2256,2056,||,
6,150,2108,poe,
6,413,2108,|,
6,450,2112,arch,arch
6,2250,2108,lapse,
6,2447,2108,fapcisrc,fapcisrc
6,2691,2108,|,
6,2849,2108,|,
6,150,2165,|,
6,255,2165,om,
6,446,2165,|,
6,450,2169,rer,
6,2454,2165,|,
6,2618,2165,sce,
6,2855,2165,C_,
6,2915,2165,[ePcePC,[epcepc
6,3092,2165,|,
6,1142,2221,po,
6,1833,2221,force,force
6,2466,2225,||,
6,940,2278,pT,
6,1252,2278,CT,
6,1541,2278,Cdspczpcapciapc,cdspczpcapciapc
6,2042,2278,[apcapc,[apcapc
6,2252,2278,|,
6,2390,2278,TT,
6,150,2334,|,
6,242,2334,ato,
6,450,2338,Portree,
7,152,104,Camp,
7,259,104,Mather,
7,380,104,2026,
7,470,104,Waiting,
7,604,104,List,
7,153,217,Find,
7,228,213,your,
7,306,213,waiting,
7,433,217,list,
7,490,217,number.,
7,634,217,Count,
7,743,217,number,
7,877,217,of,
7,916,217,families,
7,1054,217,above,
7,1158,223,you,
7,1227,217,requesting,
7,1406,223,same,
7,1502,217,week(s),
7,1639,217,/,
7,1660,217,cabin,
7,1758,217,size(s).,
7,188,370,Waiting,
7,334,370,List#,
7,458,374,May31-June3,
7,755,374,June3-6,
7,946,374,June7-13,
7,1152,374,June14-20,
7,1367,374,June21-27,
7,1582,374,June28-July4,
7,1860,374,July5-11,
7,2066,374,July12-18,
7,2266,374,July19-25,
7,2472,374,July,
7,2549,374,26-Aug1,
7,2728,370,Aug,
7,2796,374,2-8,
7,2934,370,Aug,
7,3005,374,9-15,
7,154,417,patter,
7,2724,413,5,
7,2750,413,rc5PC__[5PC.5PC,5c
7,3099,413,|,
7,150,470,|,
7,255,470,a2,
7,446,470,|,
7,597,470,CT,
7,847,474,Cc,
7,1130,470,fepciepc,fepciepc
7,1348,470,|,
7,1493,474,|,
7,1723,470,sfcigpc,sfcigpc
7,2039,470,(|,
7,2190,474,|,
7,2388,474,|,
7,2618,474,|,
7,150,526,|,
7,248,526,zis,
7,446,526,|,
7,703,530,Cc,
7,1144,526,apcapc,apcapc
7,1341,526,|,
7,1558,526,fapcapc,fapcapc
7,1815,526,|,
7,1986,530,|,
7,150,583,|,
7,242,583,ata,
7,604,583,Cdr,
7,933,583,|,
7,1130,583,fapcapc,fapcapc
7,1361,587,||,
7,2414,583,fcc,
7,150,639,|,
7,248,639,zis,
7,446,639,|,
7,597,639,CT,
7,847,643,Cc,
7,1144,639,apcapc,apcapc
7,1341,639,|,
7,1558,639,fapcapc,fapcapc
7,1815,639,|,
7,1986,643,|,
7,150,696,pate,
7,450,700,Pach,
7,2921,696,face,
7,3099,696,|,
7,150,752,pam,
7,450,756,Parca,parca
7,2717,752,daca,
7,2921,752,[ar,
7,2980,752,car,
7,3092,752,|,
7,150,809,|,
7,248,809,aie,
7,446,809,|,
7,597,809,CT,
7,788,809,Css,
7,1130,809,[epcepts,[epcepts
7,1348,809,|,
7,1565,809,"fepcepts,","fepcepts,"
7,1795,809,=|,
7,1986,813,|,
7,2289,813,|,
7,150,865,|,
7,248,865,zig,
7,450,869,|,
7,1124,865,fspcapc,fspcapc
7,1348,865,|,
7,1558,865,fapcapc,fapcapc
7,1854,865,||,
7,2289,865,scape,
7,2723,869,||,
7,150,922,|,
7,242,922,220,
7,446,922,|,
7,597,922,CT,
7,841,922,CT,
7,1051,922,setseprs,
7,1361,926,||,
7,150,978,pat,
7,450,982,Pcs,pcs
7,2454,978,farcsrc,farcsrc
7,2691,978,|,
7,150,1035,|,
7,255,1035,aa,
7,446,1035,|,
7,597,1035,CT,
7,1078,1035,dsp,
7,1565,1035,fapcapc,fapcapc
7,1809,1035,spcapc,spcapc
7,2052,1035,|,
7,2184,1039,|,
7,2388,1039,|,
7,2618,1039,|,
7,150,1091,pag,
7,450,1095,|,
7,1841,1091,fercsrc_orcispc_fepcspc,fercsrc_orcispc_fepcspc
7,2454,1091,|,
7,2618,1095,|,
7,2849,1095,|,
7,150,1148,pa,
7,450,1152,Parca,parca
7,2473,1148,daca,
7,2928,1148,aca,
7,3099,1148,|,
7,154,1208,2,
7,755,1208,GG,
7,1150,1208,GG,
7,1947,1204,S(O,
7,2263,1204,C100,
7,2388,1204,co,
7,154,1265,pe,
7,2315,1261,arch,arch
7,2921,1261,face,
7,3099,1261,|,
7,150,1317,pam,
7,450,1321,Parca,parca
7,2678,1317,daca,
7,2921,1317,[aPc.aPC,[apc.apc
7,3092,1317,|,
7,150,1374,pe,
7,749,1378,esc,
7,2454,1374,far,
7,2546,1374,srC,src
7,2710,1374,farcisrc,farcisrc
7,2915,1374,||,
7,150,1430,|,
7,248,1430,zg,
7,446,1430,|,
7,834,1430,spac,
7,1361,1434,|,
7,1822,1430,sdacapcfapcapc,sdacapcfapcapc
7,2256,1430,|,
7,2388,1434,|,
7,2618,1434,|,
7,2855,1434,|,
7,150,1487,|,
7,255,1487,30,
7,446,1487,|,
7,450,1491,eh,
7,2724,1487,era,
7,2915,1487,[eP,
7,2980,1487,CAP,
7,3059,1487,C,
7,3092,1487,|,
7,150,1543,pat,
7,426,1543,|,
7,450,1547,srr,
7,2710,1543,fercspc__[ePc.5PC,5c
7,3099,1543,|,
7,150,1600,ps2,
7,446,1600,|,
7,597,1604,CT,
7,1130,1600,ercshec,ercshec
7,1348,1600,|,
7,1493,1600,TCC,
7,2026,1600,icPC,icpc
7,2243,1600,fopcispc,fopcispc
7,2460,1600,|,
7,2618,1604,|,
7,2855,1604,|,
7,150,1656,|,
7,255,1656,a3,
7,439,1656,|,
7,610,1656,idsrc3pc,3c
7,913,1656,_|arc.apc,_|arc.apc
7,1137,1656,[|,
7,1275,1660,|,
7,1558,1656,fspcgpc,fspcgpc
7,1815,1656,|,
7,1986,1660,|,
7,150,1713,psa,
7,450,1717,|,
7,2065,1713,erczhcfercarc,erczhcfercarc
7,2447,1713,lopcarc,lopcarc
7,2691,1713,|,
7,2849,1713,|,
7,150,1769,|,
7,255,1769,as,
7,413,1769,|,
7,597,1769,CT,
7,847,1769,Crisp,
7,1130,1769,fopcspc,fopcspc
7,1348,1769,|,
7,1493,1773,|,
7,1723,1769,sfcspc,sfcspc
7,2046,1769,|,
7,2190,1773,|,
7,2388,1773,|,
7,2618,1773,|,
7,150,1826,pee,
7,450,1830,|,
7,2052,1826,arcsshc,arcsshc
7,2250,1826,|,
7,2447,1826,dapcorc,dapcorc
7,2684,1826,|,
7,2849,1826,4,
7,2980,1826,CPC,cpc
7,150,1882,|,
7,268,1882,2s7,
7,439,1882,|,
7,597,1882,CT,
7,847,1882,Carcass,carcass
7,1137,1882,fapcspc,fapcspc
7,1341,1882,|,
7,1558,1882,fapcispc,fapcispc
7,1815,1882,|,
7,1986,1886,|,
7,154,1943,a,
7,459,1943,a,
7,755,1943,GG,
7,1150,1943,GG,
7,1960,1939,(CO,
7,2473,1939,GO,
7,2737,1939,(e770,
7,154,1999,psoas,
7,1841,1995,farcsrc_|apcspc,farcsrc_|apcspc
7,2256,1995,|,
7,2388,1995,|,
7,2618,1995,|,
7,150,2052,|,
7,255,2052,ao,
7,450,2056,rere,
7,2447,2052,forciorc,forciorc
7,2691,2052,||,
7,150,2108,pat,
7,450,2112,Perce,perce
7,2263,2108,rcp,rcp
7,150,2165,|,
7,255,2165,ae,
7,446,2165,|,
7,597,2169,CT,
7,1130,2165,ercshec,ercshec
7,1361,2169,|,
7,150,2221,pags,
7,450,2225,Pt,
7,2447,2221,frcsrc_fercspc_[ePc.5PC,5c
7,3099,2221,|,
7,154,2282,7,
7,604,2282,GG,
7,1144,2278,(528,
7,1367,2278,GR,
7,1960,2282,GO,
7,150,2334,pas,
7,450,2338,PT,
7,940,2338,arcsec,arcsec
7,2888,2334,_[aPc.ePC,_[apc.epc
7,3099,2334,|,
8,152,104,Camp,
8,259,104,Mather,
8,380,104,2026,
8,470,104,Waiting,
8,604,104,List,
8,153,217,Find,
8,228,213,your,
8,306,213,waiting,
8,433,217,list,
8,490,217,number.,
8,634,217,Count,
8,743,217,number,
8,877,217,of,
8,916,217,families,
8,1054,217,above,
8,1158,223,you,
8,1227,217,requesting,
8,1406,223,same,
8,1502,217,week(s),
8,1639,217,/,
8,1660,217,cabin,
8,1758,217,size(s).,
8,188,370,Waiting,
8,334,370,List#,
8,458,374,May31-June3,
8,755,374,June3-6,
8,946,374,June7-13,
8,1152,374,June14-20,
8,1367,374,June21-27,
8,1582,374,June28-July4,
8,1860,374,July5-11,
8,2066,374,July12-18,
8,2266,374,July19-25,
8,2472,374,July,
8,2549,374,26-Aug1,
8,2728,370,Aug,
8,2796,374,2-8,
8,2934,370,Aug,
8,3005,374,9-15,
8,150,413,|,
8,248,413,ae,
8,413,413,|,
8,597,413,CT,
8,847,413,Caco,
8,1130,413,fapcepc,fapcepc
8,1354,413,|,
8,1493,417,|,
8,1576,417,|,
8,150,470,pam,
8,439,470,|,
8,597,470,CT,
8,1341,470,src,src
8,2046,470,|orcisrc,|orcisrc
8,2243,470,fepcsec,fepcsec
8,2460,470,|,
8,2618,474,|,
8,2849,474,|,
8,150,526,pag,
8,450,530,Pcp,pcp
8,1841,526,fprpcarc,fprpcarc
8,2052,526,|,
8,2190,526,||,
8,2704,526,dPCaPc,dpcapc
8,150,583,|,
8,255,583,ag,
8,450,587,|,
8,1558,583,fercsec,fercsec
8,1854,583,||,
8,2283,583,fcr,
8,2710,583,forcisrc,forcisrc
8,2929,587,|,
8,150,639,po,
8,446,639,|,
8,450,643,asc,
8,2454,639,farcsrc,farcsrc
8,2710,639,farcsrpc,farcsrpc
8,2915,639,||,
8,150,696,pet,
8,446,696,|,
8,450,700,PPC,ppc
8,2454,696,|srcsrC,|srcsrc
8,2717,696,srcisrc,srcisrc
8,2915,696,||,
8,150,752,pea,
8,446,752,|,
8,450,756,arcsec,arcsec
8,150,809,pes,
8,450,813,|,
8,1545,809,rcs,rcs
8,2223,809,_fercierc,_fercierc
8,2447,809,fopcierc,fopcierc
8,2691,809,|,
8,2849,813,|,
8,154,869,24,
8,450,869,ff,
8,1830,865,fac,
8,2556,865,arc,arc
8,2687,865,ar,
8,2775,865,caPe,
8,2906,865,{aPC,{apc
8,3020,865,aPC,apc
8,3090,865,|,
8,745,922,po,
8,1581,922,rcszpec,rcszpec
8,1811,926,f|,
8,749,982,|,
8,929,978,fapcapc,fapcapc
8,1133,978,japcapc,japcapc
8,1350,978,|,
8,1488,982,|,
8,1712,978,CT,
8,2357,978,apc,apc
8,2929,982,|,
8,1142,1035,|,
8,1260,1035,CT,
8,1411,1035,CCT,
8,1727,1035,isa,
8,2050,1035,erciapc,erciapc
8,2241,1035,fepcarc,fepcarc
8,2452,1035,|,
8,2616,1039,|,
8,2853,1039,|,
8,1361,1095,ss,
8,2153,1095,sO,
8,1357,1148,|,
8,1361,1152,siepcispcepcspc_fepcspec,siepcispcepcspc_fepcspec
8,2252,1148,|,
8,2390,1148,|,
8,2621,1148,|,
8,1357,1204,|,
8,1361,1208,epcispcfepcspc_epcspc,epcispcfepcspc_epcspc
8,2252,1204,|,
8,2390,1204,|,
8,2621,1204,|,
8,1357,1261,|,
8,1547,1261,ispcspc,ispcspc
8,1811,1261,|,
8,1982,1265,|,
8,2179,1265,|,
8,2298,1261,SC,
8,2430,1261,scehc,
8,2700,1261,pce,pce
8,2929,1265,|,
8,1357,1317,|,
8,1361,1321,"apciapc[apciapc_[apc,spc","apciapc[apciapc_[apc,spc"
8,2252,1317,|,
8,2390,1317,|,
8,2621,1317,|,
8,1357,1374,po,
8,2206,1374,heh,
8,2719,1374,a,
8,2772,1374,cehC,
8,2917,1374,[apc.erc,[apc.erc
8,3088,1374,|,
8,1357,1430,po,
8,1576,1434,arcsec,arcsec
8,2449,1430,fapczpc,fapczpc
8,2686,1430,|,
8,2844,1430,|,
8,1357,1487,po,
8,1576,1491,csr,
8,2910,1487,|,
8,1361,1543,pT,
8,1942,1543,dsc,
8,2463,1543,sparc,sparc
8,2713,1543,[spcapc,[spcapc
8,2929,1547,|,
8,1142,1600,apcapc,apcapc
8,1339,1600,|apcapc,|apcapc
8,1563,1600,|,
8,1734,1604,|,
8,1958,1600,CT,
8,2234,1600,ifaecapc,ifaecapc
8,2466,1604,||,
8,1146,1639,a,
8,1361,1639,OO,
8,2492,1635,20%,
8,2750,1635,oO,
8,2941,1635,LLL,
8,1146,1717,GG,
8,749,1752,a,
8,2068,1773,0,
8,154,1787,a,
8,1481,1830,2,
8,2589,1830,CO,
8,2945,1783,CO,
8,154,1886,SE,
8,2325,1843,ET,
8,150,1939,pas,
8,446,1939,|,
8,841,1939,rca,rca
8,1361,1943,|,
8,1822,1939,sdscapc,sdscapc
8,2060,1943,||,
8,2618,1939,sap,
8,150,1995,para,
8,450,1999,Pac,
8,2454,1995,farcarc,farcarc
8,2678,1995,farcarc,farcarc
8,2915,1995,[|,
8,154,2056,2,
8,755,2056,GO,
8,940,2052,(001,
8,1146,2056,GG,
8,2473,2052,GG,
8,150,2108,pe,
8,450,2112,orcs,orcs
8,2223,2108,_forcspc,_forcspc
8,2447,2108,|orcsrpc,|orcsrpc
8,2691,2108,|,
8,2849,2108,|,
8,150,2165,|,
8,242,2165,a7,
8,439,2165,|,
8,597,2165,CT,
8,847,2165,Cdr,
8,1144,2165,apcapc,apcapc
8,1354,2165,|,
8,1493,2169,|,
8,1743,2165,ET,
8,2060,2169,scrap],
8,150,2221,pave,
8,446,2221,|,
8,1065,2221,cere,
8,1848,2221,orpcrorc,orpcrorc
8,2052,2221,|,
8,2190,2221,||,
8,2724,2221,SPCC,spcc
8,150,2278,|,
8,242,2278,ao,
8,446,2278,|,
8,450,2282,Cress,
8,2266,2295,_forcierc,_forcierc
8,2466,2282,forpcierc,forpcierc
8,2691,2278,|,
8,2849,2282,|,
8,150,2334,|,
8,255,2334,eo,
8,450,2338,|,
8,1196,2334,scree,
8,1914,2334,Tse,
8,2447,2334,fapcisrec,fapcisrec
8,2723,2338,||,
9,152,104,Camp,
9,259,104,Mather,
9,380,104,2026,
9,470,104,Waiting,
9,604,104,List,
9,153,217,Find,
9,228,213,your,
9,306,213,waiting,
9,433,217,list,
9,490,217,number.,
9,634,217,Count,
9,743,217,number,
9,877,217,of,
9,916,217,families,
9,1054,217,above,
9,1158,223,you,
9,1227,217,requesting,
9,1406,223,same,
9,1502,217,week(s),
9,1639,217,/,
9,1660,217,cabin,
9,1758,217,size(s).,
9,188,370,Waiting,
9,334,370,List#,
9,458,374,May31-June3,
9,755,374,June3-6,
9,946,374,June7-13,
9,1152,374,June14-20,
9,1367,374,June21-27,
9,1582,374,June28-July4,
9,1860,374,July5-11,
9,2066,374,July12-18,
9,2266,374,July19-25,
9,2472,374,July,
9,2549,374,26-Aug1,
9,2728,370,Aug,
9,2796,374,2-8,
9,2934,370,Aug,
9,3005,374,9-15,
9,150,413,pet,
9,426,413,|,
9,450,417,arcsec,arcsec
9,150,470,pez,
9,446,470,|,
9,624,474,|,
9,1137,470,spcapc,spcapc
9,1348,470,|,
9,1493,470,"scape,",
9,1854,470,||,
9,2546,470,CPC,cpc
9,150,526,|,
9,255,526,es,
9,446,526,|,
9,597,526,CT,
9,847,530,Cc,
9,1144,526,apcapc,apcapc
9,1348,526,|arcapc,|arcapc
9,1565,526,|,
9,1736,530,|,
9,1980,530,|,
9,150,583,pee,
9,450,587,|,
9,1631,583,sesh,
9,2250,583,[5PC,5c
9,2348,583,orc,orc
9,2447,583,|spciorc,|spciorc
9,2691,583,|,
9,2849,587,|,
9,150,639,|,
9,255,639,es,
9,413,639,|,
9,624,643,TCC,
9,1144,639,apcapc,apcapc
9,1348,639,|,
9,1493,643,|,
9,1822,639,sdspcapc,sdspcapc
9,2046,639,|,
9,2190,639,||,
9,150,696,|,
9,248,696,es,
9,413,696,|,
9,597,696,Citic,
9,940,696,|||,
9,1361,700,cP,
9,150,752,|,
9,255,752,em,
9,439,752,|,
9,841,752,pcp,pcp
9,1361,756,|,
9,150,809,|,
9,255,809,ee,
9,446,809,|,
9,597,809,CT,
9,907,809,sfspcrapc,sfspcrapc
9,1146,809,||,
9,1473,809,Cfscapc,cfscapc
9,1854,813,||,
9,150,865,|,
9,255,865,eo,
9,446,865,|,
9,597,865,CT,
9,854,865,icp,
9,1137,865,|,
9,1275,869,|,
9,1967,865,dace,
9,2250,865,fapcrepc,fapcrepc
9,2460,865,|,
9,2618,869,|,
9,2855,869,|,
9,150,922,|,
9,242,922,200,
9,446,922,|,
9,597,922,CT,
9,920,922,fpcrapc,fpcrapc
9,1146,926,||,
9,1967,922,dca,
9,2243,922,faces,
9,2460,922,|,
9,2618,926,|,
9,150,978,|,
9,248,978,zon,
9,446,978,|,
9,597,978,CT,
9,847,982,Cc,
9,1144,978,spcapc,spcapc
9,1341,978,|,
9,1565,978,[spcapc,[spcapc
9,1815,978,|,
9,1986,982,|,
9,150,1035,|,
9,248,1035,or,
9,446,1035,|,
9,597,1039,CT,
9,1137,1035,shcapc,shcapc
9,1341,1035,|,
9,1486,1035,face,
9,1854,1039,||,
9,150,1091,pos,
9,439,1091,|,
9,450,1095,scar,
9,2250,1091,[apcapc,[apcapc
9,2447,1091,|arcarc,|arcarc
9,2691,1091,|,
9,2849,1091,|,
9,150,1148,|,
9,255,1148,oa,
9,446,1148,|,
9,597,1148,CT,
9,900,1148,Cdacsspcfapcspc,cdacsspcfapcspc
9,1361,1148,||,
9,1743,1152,|,
9,1986,1152,|,
9,2421,1148,arcs,arcs
9,154,1208,a,
9,755,1208,Ge,
9,946,1208,GQ,
9,1367,1208,GG,
9,2059,1204,(07,
9,2164,1204,(0,
9,2473,1208,OO,
9,150,1261,|,
9,242,1261,206,
9,413,1261,|,
9,604,1261,CT,
9,847,1261,Cds,
9,1130,1261,fapcepc,fapcepc
9,1354,1261,|,
9,1493,1265,|,
9,1736,1265,|,
9,1960,1261,CdPccspc,cdpccspc
9,2260,1261,||,
9,2618,1265,|,
9,150,1317,pom,
9,439,1317,|,
9,450,1321,scar,
9,2250,1317,[5pcapc,5c
9,2454,1317,|,
9,2724,1317,5pcapc,5c
9,2915,1317,[|,
9,745,1374,|,
9,889,1374,sfepciepc,sfepciepc
9,1140,1374,|,
9,1271,1378,|,
9,1541,1374,sspcispcepcepc,sspcispcepcepc
9,2048,1374,|,
9,2180,1378,|,
9,2390,1378,|,
9,2594,1374,CT,
9,745,1430,|,
9,856,1430,sfepciepc_ercerc_,sfepciepc_ercerc_
9,1350,1430,|,
9,1502,1430,opcwpc,opcwpc
9,1758,1430,=|,
9,1982,1434,|,
9,2186,1434,|,
9,749,1491,|,
9,1120,1487,dapcropc,dapcropc
9,1350,1487,|,
9,1488,1491,|,
9,745,1543,"jepc,apc_[epc,apc_|erc.sec_","jepc,apc_[epc,apc_|erc.sec_"
9,1350,1543,|,
9,1495,1547,|,
9,1745,1547,|,
9,749,1604,a,
9,1140,1604,ee,
9,1857,1600,(27,
9,2265,1600,OOO,
9,745,1656,po,
9,940,1660,Ech,
9,2055,1656,orcspc,orcspc
9,2246,1656,|ercspc,|ercspc
9,2463,1656,|,
9,2621,1656,|,
9,745,1713,|,
9,889,1713,sfepcspc_|epc.spc,sfepcspc_|epc.spc
9,1350,1713,|,
9,1488,1717,|,
9,1712,1713,CT,
9,1956,1717,CT,
9,2450,1713,oczpc,oczpc
9,2723,1717,TT,
9,745,1769,po,
9,1851,1769,rca,rca
9,2450,1769,fpcapc,fpcapc
9,2713,1769,[spcapc,[spcapc
9,2929,1773,|,
9,150,1826,|,
9,242,1826,soe,
9,450,1830,|,
9,749,1830,aah,
9,2921,1826,fa,
9,2980,1826,ca,
9,3099,1826,|,
9,150,1882,|,
9,242,1882,som,
9,433,1882,|,
9,450,1886,scr,
9,2243,1882,[secre,
9,2454,1882,|,
9,2717,1882,srcerc,srcerc
9,2915,1882,|,
9,150,1939,|,
9,242,1939,sop,
9,446,1939,|,
9,450,1943,rer,
9,2710,1939,fac,
9,2921,1939,[aPCEPC,[apcepc
9,3092,1939,|,
9,150,1995,|,
9,242,1995,309,
9,446,1995,|,
9,604,1995,C‘iLC,
9,795,1995,CC,
9,986,1995,isepts,
9,1137,1995,[epsepts,
9,1354,1995,|,
9,1558,1995,"feptsiepts,",
9,1795,1995,=|,
9,1980,1999,|,
9,2060,1999,|,
9,150,2052,|,
9,242,2052,sto,
9,446,2052,|,
9,597,2056,CT,
9,1137,2052,ercshec,ercshec
9,1361,2056,|,
9,2026,2052,sscshc,
9,2250,2052,|,
9,2454,2052,fspcispc,fspcispc
9,2691,2052,|,
9,2849,2056,|,
9,150,2108,posts,
9,450,2112,Porch,porch
9,2223,2108,_fopcspc,_fopcspc
9,2447,2108,|ercspc,|ercspc
9,2691,2108,|,
9,2849,2108,|,
9,150,2165,|,
9,242,2165,siz,
9,446,2165,|,
9,597,2165,CT,
9,972,2165,scope,
9,1348,2165,|,
9,1493,2165,Scere,
9,1848,2165,opciopc,opciopc
9,2052,2165,|,
9,2184,2169,|,
9,2388,2169,|,
9,2618,2169,|,
9,150,2221,|,
9,242,2221,sis,
9,446,2221,|,
9,597,2221,CT,
9,907,2221,Csciapcspcapc,csciapcspcapc
9,1341,2221,|,
9,1565,2221,[spcapc,[spcapc
9,1815,2221,|,
9,1986,2225,|,
9,150,2278,|,
9,242,2278,sma,
9,439,2278,|,
9,597,2278,CT,
9,992,2278,pcs,pcs
9,1348,2278,|,
9,1558,2278,fscgpcspc.spc_,fscgpcspc.spc_
9,2046,2278,|,
9,2190,2282,|,
9,2388,2282,|,
9,2618,2282,|,
9,150,2334,|,
9,242,2334,sts,
9,413,2334,|,
9,617,2334,Cspczpc,cspczpc
9,940,2334,||,
9,154,1378,ee,
9,154,1434,ee,
9,154,1547,ee,
9,154,1604,ee,
9,154,1660,ee,
9,154,1717,ee,
9,154,1773,ee,
10,152,104,Camp,
10,259,104,Mather,
10,380,104,2026,
10,470,104,Waiting,
10,604,104,List,
10,153,217,Find,
10,228,213,your,
10,306,213,waiting,
10,433,217,list,
10,490,217,number.,
10,634,217,Count,
10,743,217,number,
10,877,217,of,
10,916,217,families,
10,1054,217,above,
10,1158,223,you,
10,1227,217,requesting,
10,1406,223,same,
10,1502,217,week(s),
10,1639,217,/,
10,1660,217,cabin,
10,1758,217,size(s).,
10,188,370,Waiting,
10,334,370,List#,
10,458,374,May31-June3,
10,755,374,June3-6,
10,946,374,June7-13,
10,1152,374,June14-20,
10,1367,374,June21-27,
10,1582,374,June28-July4,
10,1860,374,July5-11,
10,2066,374,July12-18,
10,2266,374,July19-25,
10,2472,374,July,
10,2549,374,26-Aug1,
10,2728,370,Aug,
10,2796,374,2-8,
10,2934,370,Aug,
10,3005,374,9-15,
10,150,413,|,
10,248,413,sie,
10,413,413,|,
10,597,413,CT,
10,992,413,pcp,pcp
10,1341,413,|,
10,1493,413,scope,
10,1848,413,opciopc_,opciopc_
10,2046,413,|,
10,2190,417,|,
10,2388,417,|,
10,2618,417,|,
10,150,470,|,
10,242,470,siz,
10,419,470,|,
10,597,470,CT,
10,788,470,Cis,
10,986,470,tsyapc,tsyapc
10,1130,470,feptsapc,feptsapc
10,1348,470,|,
10,1565,470,feptsapc,feptsapc
10,1815,470,|,
10,1980,474,|,
10,2190,470,ET,
10,150,526,|,
10,242,526,sis,
10,419,526,|,
10,597,526,CT,
10,847,526,Cacia,
10,1137,526,fapcapc,fapcapc
10,1315,526,|,
10,1348,526,fapcapc,fapcapc
10,1565,526,|,
10,1736,530,|,
10,1986,530,|,
10,154,587,a,
10,755,587,GG,
10,1150,583,(27,
10,1367,587,Gn,
10,1960,587,GO,
10,2368,583,(1077,
10,2572,583,Lo,
10,2724,583,(10710,
10,150,639,|,
10,242,639,sao,
10,450,643,|,
10,1124,639,ferczpc,ferczpc
10,1361,643,|,
10,150,696,Psat,
10,450,700,|,
10,1776,696,aPC,apc
10,2454,696,farcarc,farcarc
10,2710,696,farccapc,farccapc
10,2929,700,|,
10,150,752,|,
10,242,752,saz,
10,446,752,|,
10,597,752,CCT,
10,788,752,CCfarcepts,ccfarcepts
10,1130,752,[apcepts,[apcepts
10,1348,752,|,
10,1565,752,"fapcepts,","fapcepts,"
10,1789,752,=|,
10,1986,756,|,
10,2190,752,ET,
10,150,809,|,
10,242,809,sas,
10,446,809,|,
10,597,809,CT,
10,874,809,scrap,
10,1130,809,fopcapc,fopcapc
10,1361,809,||,
10,1576,813,ECC,
10,150,865,|,
10,242,865,saa,
10,450,869,|,
10,992,865,pcs,pcs
10,1341,865,|,
10,1558,865,fspcspcopc'spc_,fspcspcopc'spc_
10,2046,865,|,
10,2190,869,|,
10,2388,869,|,
10,2618,869,|,
10,150,922,psa,
10,450,926,|,
10,1394,922,scp,
10,2414,922,daca,
10,2980,922,caPC,capc
10,3099,922,|,
10,150,978,|,
10,242,978,sae,
10,446,978,|,
10,604,978,CT,
10,847,978,Crs,
10,1130,978,fopcspc,fopcspc
10,1348,978,|ercspc,|ercspc
10,1565,978,|,
10,1743,982,|,
10,1986,982,|,
10,150,1035,|,
10,242,1035,sam,
10,450,1039,|,
10,1137,1035,spcszhpc,spcszhpc
10,1361,1039,|,
10,150,1091,pose,
10,450,1095,arc,arc
10,2717,1091,daca,
10,2928,1091,ar,
10,2980,1091,caPC,capc
10,3092,1091,|,
10,150,1148,|,
10,268,1148,szg,
10,439,1148,|,
10,597,1148,CT,
10,900,1148,sspcispc,sspcispc
10,1146,1148,||,
10,1361,1152,cP,
10,150,1204,|,
10,268,1204,sg0,
10,439,1204,|,
10,716,1204,farce,farce
10,1130,1204,fapcsec,fapcsec
10,1354,1204,|,
10,1361,1208,Tac,
10,150,1261,|,
10,242,1261,sat,
10,446,1261,|,
10,604,1261,CT,
10,900,1261,Cdscizpc_fapcspc,cdscizpc_fapcspc
10,1354,1261,|,
10,1493,1265,TE,
10,150,1317,Pp,
10,242,1317,saz,
10,446,1317,|,
10,450,1321,recor,
10,2019,1317,_spcerpc,_spcerpc
10,2250,1317,|,
10,2388,1317,|,
10,2612,1317,dere,
10,2915,1317,|,
10,154,1378,pssst,
10,2118,1374,sc,
10,2454,1374,farcsrc,farcsrc
10,2684,1374,|,
10,2928,1374,a,
10,2980,1374,C5PC,5c
10,150,1430,psa,
10,450,1434,|,
10,1631,1430,src,src
10,2223,1430,_[apcazpc_|src.sec_,_[apcazpc_|src.sec_
10,2697,1430,|,
10,2849,1434,|,
10,150,1487,|,
10,242,1487,sas,
10,413,1487,|,
10,630,1487,Tach,
10,1348,1487,fapcispc,fapcispc
10,1558,1487,|,
10,1835,1487,fapcipc,fapcipc
10,2052,1487,|,
10,2190,1491,|,
10,2388,1491,|,
10,2618,1491,|,
10,150,1543,psa,
10,413,1543,|,
10,1032,1543,force,force
10,1854,1543,||,
10,2296,1543,scr,
10,2710,1543,forcierc,forcierc
10,2929,1547,|,
10,150,1600,|,
10,242,1600,saz,
10,450,1604,|,
10,867,1600,scp,
10,1146,1604,||,
10,154,1660,a,
10,466,1660,a,
10,755,1660,GG,
10,1150,1656,C1,
10,1367,1660,On,
10,1960,1660,(OG,
10,150,1713,|,
10,248,1713,sso,
10,450,1717,|,
10,749,1717,aPC,apc
10,2460,1713,arch,arch
10,2717,1713,farccapc,farccapc
10,2915,1713,|,
10,154,1773,7,
10,466,1773,a,
10,755,1769,Ge,
10,946,1773,GQ,
10,1367,1773,Gn,
10,1861,1769,(QO,
10,2289,1769,oo,
10,2599,1773,GO,
10,150,1826,Psat,
10,426,1826,PC,pc
10,1578,1826,rcsec,rcsec
10,1907,1830,|,
10,2276,1826,czpc|spcsec,czpc|spcsec
10,2691,1826,|,
10,2849,1830,|,
10,150,1882,|,
10,242,1882,saa,
10,446,1882,|,
10,597,1882,CT,
10,861,1882,fac,
10,1137,1882,fapcapc,fapcapc
10,1348,1882,|,
10,1361,1886,TE,
10,150,1939,|,
10,242,1939,sas,
10,450,1943,|,
10,907,1939,idspciapc,idspciapc
10,1146,1939,||,
10,1618,1939,CCPC,ccpc
10,2046,1939,|spcapc,|spcapc
10,2256,1939,|,
10,2388,1943,|,
10,2618,1943,|,
10,150,1995,psa,
10,450,1999,Pacer,
10,2019,1995,_farcyepc_[apcepc,_farcyepc_[apcepc
10,2454,1995,|,
10,2618,1995,|,
10,2855,1995,|,
10,150,2052,pas,
10,450,2056,aPC,apc
10,2454,2052,farcarcfarcarc,farcarcfarcarc
10,2915,2052,|,
10,150,2108,psa,
10,450,2112,Tarra,
10,2921,2108,[ar,
10,2980,2108,c.aPC,c.apc
10,3092,2108,|,
10,150,2165,|,
10,242,2165,saz,
10,450,2169,|,
10,893,2165,crap,
10,1146,2169,P|,
10,2315,2169,aC,
10,3099,2169,|,
10,1146,2225,po,
10,2241,2221,fercerc_fercierc_,fercerc_fercierc_
10,2708,2221,|ercerc,|ercerc
10,2919,2221,[|,
10,940,2282,pT,
10,1361,2282,arcs,arcs
10,2450,2278,fapcierc[apcepc,fapcierc[apcepc
10,2917,2278,|,
10,150,2334,|,
10,242,2334,350,
10,439,2334,|,
10,617,2334,Cdarc3pc,3c
10,913,2334,_Japciapc_[apcsec,_japciapc_[apcsec
10,1348,2334,|,
10,1493,2338,|,
10,1716,2334,CT,
10,1953,2334,CT,
11,152,104,Camp,
11,259,104,Mather,
11,380,104,2026,
11,470,104,Waiting,
11,604,104,List,
11,153,217,Find,
11,228,213,your,
11,306,213,waiting,
11,433,217,list,
11,490,217,number.,
11,634,217,Count,
11,743,217,number,
11,877,217,of,
11,916,217,families,
11,1054,217,above,
11,1158,223,you,
11,1227,217,requesting,
11,1406,223,same,
11,1502,217,week(s),
11,1639,217,/,
11,1660,217,cabin,
11,1758,217,size(s).,
11,188,370,Waiting,
11,334,370,List#,
11,458,374,May31-June3,
11,755,374,June3-6,
11,946,374,June7-13,
11,1152,374,June14-20,
11,1367,374,June21-27,
11,1582,374,June28-July4,
11,1860,374,July5-11,
11,2066,374,July12-18,
11,2266,374,July19-25,
11,2472,374,July,
11,2549,374,26-Aug1,
11,2728,370,Aug,
11,2796,374,2-8,
11,2934,370,Aug,
11,3005,374,9-15,
11,150,413,|,
11,242,413,set,
11,446,413,|,
11,597,413,CT,
11,847,413,Cccp,
11,1124,413,fopcspc,fopcspc
11,1348,413,|,
11,1493,417,|,
11,1743,417,|,
11,1986,417,|,
11,150,470,|,
11,242,470,sez,
11,446,470,|,
11,630,470,TT,
11,1150,470,pcapc,pcapc
11,1354,470,spcapc,spcapc
11,1565,470,|,
11,1743,474,|,
11,1986,474,|,
11,2526,474,8a,
11,150,526,|,
11,242,526,ses,
11,450,530,|,
11,847,526,Cacia,
11,1137,526,fapcapc,fapcapc
11,1341,526,|,
11,1565,526,fapcapc,fapcapc
11,1815,526,|,
11,1854,530,|,
11,150,583,|,
11,242,583,ssa,
11,450,587,|,
11,907,583,sfpcispc,sfpcispc
11,1146,587,P|,
11,2315,583,arch,arch
11,2921,583,[aPC,[apc
11,3020,583,6PC,6c
11,3092,583,|,
11,150,639,pss,
11,450,643,|,
11,946,639,cigzpc,cigzpc
11,1146,639,P|,
11,1361,643,rch,rch
11,2921,639,[8P,
11,2980,639,CPC,cpc
11,3086,639,_,
11,3099,639,|,
11,150,696,|,
11,248,696,sss,
11,413,696,|,
11,604,700,CT,
11,1835,696,fsrcerc_opcispc,fsrcerc_opcispc
11,2250,696,|,
11,2388,700,|,
11,2704,696,fsrcorc,fsrcorc
11,2929,700,|,
11,150,752,|,
11,261,752,se7,
11,419,752,|,
11,597,752,CT,
11,847,752,Carp,
11,1137,752,fapcispc,fapcispc
11,1348,752,arcsec,arcsec
11,1565,752,|,
11,1736,756,|,
11,1986,756,|,
11,154,813,a,
11,755,813,GG,
11,1150,813,GG,
11,1960,809,(OO,
11,2263,809,C72,
11,2704,809,Com,
11,150,865,|,
11,242,865,sso,
11,446,865,|,
11,597,865,CT,
11,847,865,Cdr,
11,1144,865,apcapc,apcapc
11,1341,865,|,
11,1565,865,fapcapc,fapcapc
11,1815,865,|,
11,1986,869,|,
11,2289,869,|,
11,150,922,|,
11,242,922,seo,
11,446,922,|,
11,597,922,CT,
11,861,922,fpr,
11,1146,926,P|,
11,2085,922,sc,
11,2342,922,apc,apc
11,2454,922,|,
11,2710,922,fapcapc,fapcapc
11,2929,926,|,
11,150,978,poset,
11,426,978,|,
11,450,982,rez,
11,2921,978,[5PC.3PC,5c
11,3099,978,|,
11,150,1035,|p,
11,242,1035,sez,
11,446,1035,|,
11,450,1039,esr,
11,2724,1035,5,
11,2750,1035,PC5PC__[5PC.EPC,5c
11,3092,1035,|,
11,150,1091,poses,
11,419,1091,|,
11,450,1095,cere,
11,2052,1091,spcwpc,spcwpc
11,2250,1091,|,
11,2388,1091,|,
11,2704,1091,dorc,dorc
11,2915,1091,|,
11,150,1148,|,
11,242,1148,see,
11,426,1148,|,
11,1065,1148,cap,
11,1841,1148,forcrapc,forcrapc
11,2052,1148,|,
11,2184,1152,||,
11,2730,1148,scapc,scapc
11,150,1204,poses,
11,419,1204,|,
11,450,1208,arc,arc
11,2046,1204,farciapc,farciapc
11,2243,1204,lapcapc,lapcapc
11,2454,1204,|,
11,2618,1204,||,
11,150,1261,|,
11,242,1261,ses,
11,413,1261,|,
11,597,1261,CT,
11,841,1261,CT,
11,1071,1261,sch,
11,1348,1261,|,
11,1565,1261,scerpc,scerpc
11,1809,1261,opciopc,opciopc
11,2052,1261,|,
11,2184,1265,|,
11,2388,1265,|,
11,2618,1265,|,
11,2822,1265,CT,
11,150,1317,|,
11,242,1317,sem,
11,433,1317,|,
11,450,1321,rch,rch
11,2223,1317,_fepcrerpc,_fepcrerpc
11,2447,1317,|orcierc,|orcierc
11,2691,1317,|,
11,2849,1317,|,
11,150,1374,|,
11,242,1374,ses,
11,446,1374,|,
11,1032,1374,fect,
11,1841,1374,forcrapc_|epc.apc,forcrapc_|epc.apc
11,2256,1374,|,
11,2388,1378,|,
11,2618,1378,|,
11,2855,1378,|,
11,154,1434,psec,
11,2717,1430,farce,farce
11,2921,1430,[aPc.3PC,3c
11,3099,1430,|,
11,150,1487,|,
11,242,1487,smo,
11,446,1487,|,
11,597,1487,CT,
11,1249,1491,PC,pc
11,1855,1487,grcsspc,grcsspc
11,2052,1487,|,
11,2190,1491,||,
11,150,1543,posmt,
11,450,1547,|,
11,1025,1543,forcsrec,forcsrec
11,1361,1547,|,
11,150,1600,psa,
11,450,1604,|,
11,1446,1600,rcs,rcs
11,2223,1600,_fercierc,_fercierc
11,2447,1600,|opcierc,|opcierc
11,2691,1600,|,
11,2849,1604,|,
11,150,1656,psa,
11,446,1656,|,
11,821,1656,forse,
11,1361,1660,|,
11,2322,1656,rch,rch
11,2921,1656,[oP,
11,2980,1656,CSP,
11,3059,1656,C,
11,3092,1656,|,
11,150,1713,|,
11,242,1713,sma,
11,446,1713,|,
11,450,1717,arch,arch
11,2046,1713,farciapc,farciapc
11,2250,1713,fapcapc,fapcapc
11,2460,1713,|,
11,2618,1713,||,
11,154,1773,2,
11,755,1773,GG,
11,1177,1769,0c,
11,1367,1773,Gn,
11,1960,1773,GO,
11,2730,1769,OO,
11,150,1826,|,
11,242,1826,sve,
11,413,1826,|,
11,597,1826,CT,
11,907,1826,ipciapc,ipciapc
11,1146,1826,||,
11,1486,1826,feces,
11,1815,1826,|,
11,1986,1830,|,
11,2427,1826,spc,spc
11,150,1882,|,
11,248,1882,azz,
11,597,1882,CT,
11,900,1882,ifrcspc,ifrcspc
11,1137,1882,|,
11,1275,1886,|,
11,1815,1882,sfrcsrc,sfrcsrc
11,2046,1882,|,
11,2060,1886,|,
11,150,1939,|,
11,242,1939,sve,
11,446,1939,|,
11,450,1943,oP,
11,2460,1939,orc,orc
11,2546,1939,erC5PcorcC,5c
11,2915,1939,|,
11,150,1995,|,
11,242,1995,svg,
11,446,1995,|,
11,834,1995,spac,
11,1361,1999,|,
11,1999,1995,capo,
11,2704,1995,dacarc,dacarc
11,2929,1999,|,
11,154,2056,a,
11,604,2056,GG,
11,1150,2056,CG,
11,1960,2056,GG,
11,150,2108,poset,
11,426,2108,|,
11,450,2112,ar,
11,2921,2108,[5P,
11,2980,2108,CAP,
11,3059,2108,C,
11,3092,2108,|,
11,150,2165,|,
11,242,2165,sez,
11,450,2169,|,
11,920,2165,fpcrapc,fpcrapc
11,1146,2165,P|,
11,1881,2165,aC,
11,2454,2165,fapcapc,fapcapc
11,2723,2169,||,
11,150,2221,poses,
11,426,2221,|,
11,828,2221,eps,
11,1361,2225,|,
11,150,2278,|,
11,242,2278,sea,
11,439,2278,|,
11,630,2278,sfsrcorpc,sfsrcorpc
11,926,2278,|opcepc,|opcepc
11,1137,2278,|,
11,1275,2282,|,
11,1473,2278,CE,
11,1716,2278,CE,
11,2171,2278,isco,
11,2723,2282,|,
11,150,2334,|,
11,242,2334,ses,
11,413,2334,|,
11,604,2334,CT,
11,861,2334,farce,farce
11,1137,2334,fapcspc,fapcspc
11,1348,2334,japcspc,japcspc
11,1565,2334,|,
11,1736,2338,|,
11,1960,2334,CT,
12,152,104,Camp,
12,259,104,Mather,
12,380,104,2026,
12,470,104,Waiting,
12,604,104,List,
12,153,217,Find,
12,228,213,your,
12,306,213,waiting,
12,433,217,list,
12,490,217,number.,
12,634,217,Count,
12,743,217,number,
12,877,217,of,
12,916,217,families,
12,1054,217,above,
12,1158,223,you,
12,1227,217,requesting,
12,1406,223,same,
12,1502,217,week(s),
12,1639,217,/,
12,1660,217,cabin,
12,1758,217,size(s).,
12,188,370,Waiting,
12,334,370,List#,
12,458,374,May31-June3,
12,755,374,June3-6,
12,946,374,June7-13,
12,1152,374,June14-20,
12,1367,374,June21-27,
12,1582,374,June28-July4,
12,1860,374,July5-11,
12,2066,374,July12-18,
12,2266,374,July19-25,
12,2472,374,July,
12,2549,374,26-Aug1,
12,2728,370,Aug,
12,2796,374,2-8,
12,2934,370,Aug,
12,3005,374,9-15,
12,150,413,|,
12,242,413,ses,
12,419,413,|,
12,597,417,CT,
12,1124,413,fercapc,fercapc
12,1361,417,|,
12,1822,413,Cdsrcapc_|opcapc,cdsrcapc_|opcapc
12,2256,413,|,
12,2388,417,|,
12,2618,417,|,
12,150,470,|,
12,242,470,sem,
12,433,470,|,
12,450,474,csp,
12,2460,470,|,
12,150,526,|,
12,242,526,ses,
12,433,526,|,
12,1065,526,csc,
12,1841,526,fprcsrc_|spcspc,fprcsrc_|spcspc
12,2256,526,|,
12,2388,530,|,
12,2618,530,|,
12,271,600,a,
12,602,587,GG,
12,1149,587,CD,
12,1721,583,GG,
12,2367,587,OO,
12,150,639,|,
12,268,639,s90,
12,406,639,|,
12,637,639,sdacrapc,sdacrapc
12,940,643,|,
12,2315,639,aca,
12,2980,639,CaP,
12,271,713,391,
12,450,696,Hf},
12,1041,696,_}|,
12,1277,700,ff,
12,1741,700,|,
12,2056,696,ppesepe_fape.ape,
12,2441,696,fsrcarc,fsrcarc
12,2686,696,{|__|,
12,2974,700,_,
12,745,752,po,
12,940,756,fap,
12,2720,752,spcapc,spcapc
12,2917,752,[apciapc,[apciapc
12,3088,752,|,
12,749,813,a,
12,1619,813,TR,
12,2036,813,a,
12,745,865,po,
12,940,869,Tora,
12,1811,865,|,
12,2186,865,orcas,orcas
12,2693,865,|,
12,749,922,pT,
12,1113,922,idapcrgrc,idapcrgrc
12,1350,922,|,
12,1488,926,|,
12,745,978,po,
12,1126,978,dapcssrc,dapcssrc
12,1361,978,||,
12,1576,982,PP,
12,749,1035,ee,
12,1065,1039,a,
12,1670,1035,ee,
12,2101,1035,ee,
12,2477,1035,eee,
12,877,1091,ec],
12,936,1148,|,
12,1074,1152,|,
12,1252,1148,CT,
12,1541,1148,isciapcopcapc,isciapcopcapc
12,2048,1148,|,
12,2180,1152,|,
12,2390,1152,TC,
12,936,1204,apcapc,apcapc
12,1133,1204,japcarpc,japcarpc
12,1350,1204,|,
12,1489,1208,|,
12,1739,1204,TE,
12,745,1240,ET,
12,878,1244,oN,
12,749,1278,Sc,
12,1690,1321,A,
12,271,1391,403,
12,749,1378,|,
12,929,1374,fepcapc,fepcapc
12,1126,1374,|spcapc,|spcapc
12,1344,1374,|,
12,1574,1374,spcapc,spcapc
12,1811,1374,|,
12,1982,1378,|,
12,2180,1378,|,
12,2364,1378,CC,
12,150,1430,|,
12,242,1430,doa,
12,446,1430,|,
12,841,1434,pcp,pcp
12,1361,1434,|,
12,2105,1430,cap,
12,2466,1434,|,
12,2730,1430,scapc,scapc
12,2929,1434,|,
12,749,1491,a,
12,1357,1487,po,
12,1989,1487,scree,
12,2260,1491,|,
12,2594,1487,CT,
12,1854,1547,a,
12,2133,1543,ee,
12,2260,1547,eo,
12,150,1579,(a7,
12,450,1579,[||,
12,940,1583,___apcarc[_|arcapc__fapoerc,___apcarc[_|arcapc__fapoerc
12,2058,1579,[||,
12,2683,1579,+.,
12,2850,1579,|,
12,150,1656,|,
12,242,1660,40g,
12,446,1656,|,
12,597,1656,CTC,
12,907,1656,Cercsazpc,cercsazpc
12,1124,1656,fopcsec,fopcsec
12,1348,1656,|,
12,1493,1660,|,
12,1743,1660,|,
12,1960,1656,sfpcszpc,sfpcszpc
12,2256,1656,|,
12,2388,1660,|,
12,150,1713,|,
12,275,1713,4oo,
12,433,1713,|,
12,597,1713,CTC,
12,788,1713,CCC,
12,1130,1713,fepcapc,fepcapc
12,1341,1713,|,
12,1558,1713,fepcapc,fepcapc
12,1815,1713,|,
12,1986,1717,|,
12,2289,1717,|,
12,150,1769,|,
12,242,1769,ato,
12,433,1769,|,
12,597,1769,CT,
12,861,1769,farce,farce
12,1130,1769,fapcizec,fapcizec
12,1341,1769,|,
12,1558,1769,fapc'gpc,fapc'gpc
12,1815,1769,|,
12,1986,1773,|,
12,2190,1769,ET,
12,150,1826,po,
12,268,1826,att,
12,426,1826,|,
12,450,1830,scar,
12,2046,1826,|seciapc_[spcapc,|seciapc_[spcapc
12,2454,1826,|,
12,2618,1826,||,
12,150,1882,pata,
12,439,1882,|,
12,814,1882,frac,
12,1348,1882,|,
12,1558,1882,fapcapcfapcarc,fapcapcfapcarc
12,2052,1882,|,
12,2190,1886,|,
12,2388,1886,|,
12,2618,1886,|,
12,150,1939,|,
12,242,1939,ats,
12,446,1939,|,
12,624,1939,Tsar,
12,1130,1939,fpcapc,fpcapc
12,1341,1939,|,
12,1558,1939,fspcapc,fspcapc
12,1809,1939,|,
12,1980,1943,|,
12,150,1995,pate,
12,450,1999,Perce,perce
12,2460,1995,|,
12,150,2052,pats,
12,450,2056,Pfc,
12,154,2112,5,
12,782,2108,00,
12,1150,2112,GG,
12,1960,2112,(OO,
12,154,2169,5,
12,755,2169,GG,
12,1150,2165,GO,
12,1367,2169,Gn,
12,1861,2165,GY,
12,2065,2165,GO,
12,2263,2165,"(30K,",
12,2381,2165,<0,
12,150,2221,pats,
12,450,2225,|,
12,913,2221,iscapc,iscapc
12,1146,2221,||,
12,1506,2221,pcp,pcp
12,1854,2221,||,
12,2421,2221,sarc,sarc
12,2929,2225,|,
12,150,2278,|,
12,248,2278,ato,
12,433,2278,|,
12,450,2282,farce,farce
12,2046,2278,farcyspc_fapcierc,farcyspc_fapcierc
12,2454,2278,|,
12,2618,2278,|,
12,2849,2278,|,
12,150,2334,|,
12,242,2334,azo,
12,446,2334,|,
12,604,2334,CT,
12,880,2334,rcs,rcs
12,1130,2334,fopcspc,fopcspc
12,1348,2334,|,
12,1493,2338,|,
12,1723,2334,Cdrcspc,cdrcspc
12,2060,2334,||,
12,2388,2338,|,
13,152,104,Camp,
13,259,104,Mather,
13,380,104,2026,
13,470,104,Waiting,
13,604,104,List,
13,153,217,Find,
13,228,213,your,
13,306,213,waiting,
13,433,217,list,
13,490,217,number.,
13,634,217,Count,
13,743,217,number,
13,877,217,of,
13,916,217,families,
13,1054,217,above,
13,1158,223,you,
13,1227,217,requesting,
13,1406,223,same,
13,1502,217,week(s),
13,1639,217,/,
13,1660,217,cabin,
13,1758,217,size(s).,
13,188,370,Waiting,
13,334,370,List#,
13,458,374,May31-June3,
13,755,374,June3-6,
13,946,374,June7-13,
13,1152,374,June14-20,
13,1367,374,June21-27,
13,1582,374,June28-July4,
13,1860,374,July5-11,
13,2066,374,July12-18,
13,2266,374,July19-25,
13,2472,374,July,
13,2549,374,26-Aug1,
13,2728,370,Aug,
13,2796,374,2-8,
13,2934,370,Aug,
13,3005,374,9-15,
13,150,413,pat,
13,450,417,Pfr,
13,1940,413,zrc_[srcizpc_[apcapc,zrc_[srcizpc_[apcapc
13,2454,413,|,
13,2618,413,||,
13,150,470,pan,
13,446,470,|,
13,450,474,rcp,rcp
13,2052,470,spcispc,spcispc
13,2256,470,|,
13,2388,470,|,
13,2730,470,5CorC,5c
13,2915,470,|,
13,150,526,pag,
13,450,530,|,
13,1124,526,fepczpc,fepczpc
13,1348,526,|,
13,1558,526,fapcgpc,fapcgpc
13,1854,526,||,
13,150,583,|,
13,242,583,aa,
13,446,583,|,
13,597,583,CTC,
13,900,583,ssrciszpc,ssrciszpc
13,1124,583,fopcspc,fopcspc
13,1354,583,|,
13,1499,587,|,
13,1743,587,|,
13,1986,587,|,
13,2552,583,CPC,cpc
13,150,639,pas,
13,450,643,Pfc,
13,2717,639,fercerc,fercerc
13,2901,639,[oP,
13,2980,639,cer,
13,3086,639,_|,
13,150,696,|,
13,242,696,ae,
13,413,696,|,
13,597,696,CT,
13,847,696,Cds,
13,1144,696,apcapc,apcapc
13,1354,696,|,
13,1493,700,|,
13,1815,696,sdspcrapc,sdspcrapc
13,2052,696,|,
13,2190,696,||,
13,150,752,aon,
13,439,752,|,
13,450,756,forsee,
13,2052,752,|,
13,2447,752,fercspc,fercspc
13,2691,752,||,
13,150,809,pas,
13,450,813,|p,
13,1354,809,|,
13,1822,809,sidacapcapcapc,sidacapcapcapc
13,2256,809,|,
13,2388,809,|,
13,2618,809,|,
13,150,865,|,
13,242,865,ag,
13,433,865,|,
13,597,865,CT,
13,907,865,isrcsspc,isrcsspc
13,1137,865,|,
13,1275,869,|,
13,1545,865,Cfpcspc,cfpcspc
13,1802,865,fercsspc,fercsspc
13,2046,865,|,
13,2190,869,|,
13,2388,869,|,
13,2618,869,|,
13,150,922,paso,
13,446,922,|,
13,450,926,rere,
13,2460,922,erccrc,erccrc
13,2671,922,orcierc,orcierc
13,2915,922,|,
13,150,978,past,
13,450,982,|,
13,1144,978,spcepc,spcepc
13,1348,978,|,
13,1558,978,fapcopc,fapcopc
13,1802,978,fapcierc,fapcierc
13,2052,978,|,
13,2184,982,|,
13,2388,982,|,
13,2618,982,|,
13,154,1039,GG,
13,1150,1035,GO,
13,1367,1035,C0710,
13,1960,1035,GO,
13,2473,1035,GG,
13,150,1091,pass,
13,450,1095,|,
13,1848,1091,orcsrc,orcsrc
13,2052,1091,|,
13,2283,1091,frre,
13,2710,1091,|,
13,2862,1091,PCP,pcp
13,150,1148,pasa,
13,450,1152,Prec,
13,2454,1148,forcsrc,forcsrc
13,2671,1148,orcisrc,orcisrc
13,2915,1148,||,
13,150,1204,|,
13,242,1204,49s,
13,406,1204,|,
13,722,1204,idzrcapc,idzrcapc
13,926,1204,japciapc_fapczec,japciapc_fapczec
13,1348,1204,|,
13,1493,1208,|,
13,1743,1208,|,
13,1986,1208,|,
13,150,1261,pase,
13,413,1261,|,
13,643,1261,idpcnapc,idpcnapc
13,940,1265,|,
13,2408,1261,fcc,
13,154,1321,A,
13,604,1321,GO,
13,940,1317,(01,
13,1367,1321,GO,
13,1960,1321,GO,
13,2473,1317,QO,
13,150,1374,pase,
13,450,1378,|,
13,2046,1374,oreshc,
13,2355,1374,|,
13,2743,1374,PCP,pcp
13,2915,1374,[oP,
13,2980,1374,CEPC,cepc
13,3092,1374,|,
13,150,1430,paso,
13,446,1430,|,
13,821,1430,force,force
13,1361,1434,|,
13,2177,1430,frac,
13,2724,1430,orcarc,orcarc
13,2929,1434,|,
13,150,1487,|p,
13,242,1487,ago,
13,450,1491,scp,
13,2460,1487,PT,
13,150,1543,past,
13,426,1543,PC,pc
13,1565,1543,fercapcforpcrapc,fercapcforpcrapc
13,2052,1543,|,
13,2190,1543,||,
13,2737,1543,PPC,ppc
13,150,1600,p,
13,154,1604,aan,
13,2263,1600,rcerc,rcerc
13,2441,1600,forccrc,forccrc
13,2691,1600,||,
13,150,1656,pag,
13,433,1656,|,
13,597,1656,CT,
13,854,1656,ifr,
13,1130,1656,fapcspc,fapcspc
13,1348,1656,|,
13,1493,1660,|,
13,1576,1660,ET,
13,150,1713,|,
13,242,1713,aaa,
13,433,1713,|,
13,597,1713,CT,
13,907,1713,sscispc,sscispc
13,1137,1713,|,
13,1341,1713,fopcispc,fopcispc
13,1565,1713,|,
13,1736,1717,|,
13,1986,1717,|,
13,2546,1717,cP,
13,150,1769,|,
13,242,1769,aos,
13,450,1769,TT,
13,907,1769,Cdsrczpcfapcspc,cdsrczpcfapcspc
13,1348,1769,|apczec,|apczec
13,1565,1769,|,
13,1743,1773,|,
13,1986,1773,|,
13,154,1830,7,
13,459,1830,a,
13,755,1830,GG,
13,1150,1826,GO,
13,1367,1826,GO,
13,1578,1826,(307°,
13,1960,1830,GO,
13,2467,1826,(1077,
13,2572,1826,LO,
13,2724,1826,(107710,
13,150,1882,pam,
13,433,1882,|,
13,1032,1882,forse,
13,1841,1882,forczrec,forczrec
13,2052,1882,|,
13,2184,1886,|,
13,2434,1882,Cfrcszpc,cfrcszpc
13,2691,1882,|,
13,2849,1886,|,
13,150,1939,|,
13,242,1939,aa,
13,450,1943,TC,
13,1558,1939,fercsrc,fercsrc
13,1809,1939,||,
13,2164,1939,secs,
13,2454,1939,opciorc,opciorc
13,2691,1939,|,
13,2849,1939,|,
13,150,1995,pase,
13,450,1999,PsP,
13,2454,1995,farcsrcfarcisrc,farcsrcfarcisrc
13,2915,1995,||,
13,150,2052,|,
13,248,2052,aso,
13,446,2052,|,
13,597,2052,CT,
13,979,2052,orca,orca
13,1348,2052,|,
13,1558,2052,"fecapc,","fecapc,"
13,1854,2052,||,
13,2421,2052,sap,
13,154,2112,a,
13,755,2112,Ge,
13,946,2108,GY,
13,1150,2108,GG,
13,1723,2108,(S(O,
13,2263,2108,Coco,
13,150,2165,pasa,
13,446,2165,|,
13,630,2169,TC,
13,907,2165,Cdsciapc,cdsciapc
13,1137,2165,spcapc,spcapc
13,1354,2165,|,
13,1493,2169,|,
13,1576,2169,ETc,
13,1142,2221,|,
13,1260,2221,CT,
13,1471,2221,CT,
13,1721,2221,Crs,
13,2043,2221,[ercispc_jepcspec,[ercispc_jepcspec
13,2452,2221,|,
13,2616,2225,|,
13,2853,2225,|,
13,940,2282,pT,
13,1541,2278,iscspcspcspc,iscspcspcspc
13,2048,2278,|,
13,2180,2282,|,
13,2390,2282,TC,
13,2687,2278,sspcsPC,sspcspc
13,2929,2282,|,
13,150,2334,|,
13,242,2334,ass,
13,450,2338,TT,
13,1130,2334,erczpc,erczpc
13,1361,2338,|,
13,1723,2334,sfsrcgrc,sfsrcgrc
13,2060,2334,|||,
14,152,104,Camp,
14,259,104,Mather,
14,380,104,2026,
14,470,104,Waiting,
14,604,104,List,
14,153,217,Find,
14,228,213,your,
14,306,213,waiting,
14,433,217,list,
14,490,217,number.,
14,634,217,Count,
14,743,217,number,
14,877,217,of,
14,916,217,families,
14,1054,217,above,
14,1158,223,you,
14,1227,217,requesting,
14,1406,223,same,
14,1502,217,week(s),
14,1639,217,/,
14,1660,217,cabin,
14,1758,217,size(s).,
14,188,370,Waiting,
14,334,370,List#,
14,458,374,May31-June3,
14,755,374,June3-6,
14,946,374,June7-13,
14,1152,374,June14-20,
14,1367,374,June21-27,
14,1582,374,June28-July4,
14,1860,374,July5-11,
14,2066,374,July12-18,
14,2266,374,July19-25,
14,2472,374,July,
14,2549,374,26-Aug1,
14,2728,370,Aug,
14,2796,374,2-8,
14,2934,370,Aug,
14,3005,374,9-15,
14,154,417,a,
14,755,417,GG,
14,1150,413,GG,
14,1723,417,GS,
14,2065,413,QO,
14,2368,413,(ee,
14,154,474,A,
14,755,474,GG,
14,1150,470,GO,
14,1367,470,C070,
14,1953,474,SG,
14,2473,474,GG,
14,150,526,pase,
14,439,526,|,
14,450,530,src,src
14,2046,526,|srciapc_[apcapc,|srciapc_[apcapc
14,2454,526,|,
14,2618,526,|,
14,2849,526,|,
14,150,583,|,
14,242,583,aso,
14,446,583,|,
14,597,583,CTT,
14,1124,583,fepcshcfopcispc,fepcshcfopcispc
14,1565,583,|,
14,1736,587,|,
14,1986,587,|,
14,2552,583,CSP,
14,150,639,|,
14,248,639,aco,
14,439,639,|,
14,604,643,CT,
14,1835,639,fsrczrc_|srcizpc_[apcapc,fsrczrc_|srcizpc_[apcapc
14,2454,639,|,
14,2618,643,|,
14,2855,643,|,
14,150,696,|,
14,242,696,aot,
14,446,696,|,
14,597,696,CT,
14,907,696,sscispc,sscispc
14,1137,696,|,
14,1341,696,fopcispc,fopcispc
14,1565,696,|,
14,1743,696,||,
14,2552,696,CSP,
14,150,752,|,
14,248,752,42,
14,433,752,|,
14,1084,752,orc,orc
14,1855,752,srcyerc_|spcepc,srcyerc_|spcepc
14,2256,752,|,
14,2388,756,|,
14,2618,756,|,
14,2855,756,|,
14,150,809,|,
14,242,809,aes,
14,433,809,|,
14,450,813,rca,rca
14,2454,809,ferciapc,ferciapc
14,2691,809,orciarc,orciarc
14,2915,809,||,
14,150,865,|,
14,242,865,dee,
14,450,869,|,
14,1525,865,scar,
14,2250,865,fapcapc,fapcapc
14,2454,865,|,
14,2710,865,dsrpcapc,dsrpcapc
14,2915,865,[|,
14,150,922,|,
14,242,922,aes,
14,419,922,|,
14,1045,922,sce,
14,1854,926,tfc,
14,2710,922,farcsarc,farcsarc
14,2915,922,|,
14,150,978,|,
14,248,978,aes,
14,413,978,|,
14,604,978,CT,
14,847,978,Crs,
14,1130,978,fopcspc,fopcspc
14,1341,978,|,
14,1558,978,fepcispc,fepcispc
14,1815,978,|,
14,1986,982,|,
14,2060,982,|,
14,150,1035,|,
14,255,1035,em,
14,433,1035,|,
14,450,1039,arch,arch
14,2052,1035,|,
14,2276,1035,dcop,
14,2710,1035,fapcierc,fapcierc
14,2915,1035,|,
14,150,1091,|,
14,248,1091,aes,
14,426,1091,|,
14,597,1091,CT,
14,999,1091,cap,
14,1348,1091,fapciapc,fapciapc
14,1532,1091,|,
14,1565,1091,fapcapc,fapcapc
14,1815,1091,|,
14,1980,1095,|,
14,2289,1095,|,
14,150,1148,|,
14,261,1148,eof,
14,749,1152,arch,arch
14,2717,1148,daca,
14,2921,1148,[ar,
14,2980,1148,caPC,capc
14,3092,1148,|,
14,150,1204,po,
14,255,1204,avo,
14,450,1208,facets,
14,2460,1204,||P,
14,150,1261,|,
14,242,1261,47a,
14,610,1261,sddSCaPC,sddscapc
14,926,1261,|spciapc_[spcapc,|spciapc_[spcapc
14,1348,1261,|,
14,1493,1265,|,
14,1736,1261,||,
14,150,1317,|,
14,242,1317,ava,
14,446,1317,|,
14,597,1317,CT,
14,854,1317,isa,
14,1144,1317,spcapc,spcapc
14,1341,1317,|,
14,1493,1321,|,
14,1822,1317,spcapc,spcapc
14,2052,1317,|,
14,2190,1321,|,
14,2388,1321,|,
14,150,1374,pars,
14,450,1378,|,
14,1315,1374,csc,
14,1841,1374,facszrc,facszrc
14,2060,1374,||,
14,2447,1374,fapcgzpc,fapcgzpc
14,2723,1378,||,
14,150,1430,parva,
14,637,1430,idscrapc,idscrapc
14,940,1430,||,
14,1256,1434,CT,
14,2046,1430,sczpc,sczpc
14,2243,1430,fapcapc,fapcapc
14,2460,1430,|,
14,2618,1434,||,
14,150,1487,pars,
14,419,1487,|,
14,597,1487,CT,
14,847,1487,scree,
14,1146,1487,||,
14,1762,1487,csc,
14,2260,1487,||,
14,2612,1487,dacs,
14,2929,1491,|,
14,150,1543,|,
14,242,1543,ave,
14,413,1543,|,
14,597,1543,CT,
14,847,1543,Carcass,carcass
14,1130,1543,fapcspc,fapcspc
14,1348,1543,|,
14,1493,1547,|,
14,1576,1547,Tf,
14,2980,1543,CPC,cpc
14,150,1600,Pp,
14,242,1600,azz,
14,433,1600,|,
14,1058,1600,Pac,
14,1841,1600,fsrcrarc_|spcapc,fsrcrarc_|spcapc
14,2256,1600,|,
14,2388,1604,|,
14,2618,1604,|,
14,154,1660,2,
14,755,1660,GG,
14,1216,1656,co,
14,1367,1656,GR,
14,1960,1660,GO,
14,150,1713,|,
14,248,1713,avo,
14,439,1713,|,
14,604,1713,CT,
14,749,1717,sch,
14,2250,1713,fsecerc,fsecerc
14,2447,1713,|spcerc,|spcerc
14,2691,1713,|,
14,2849,1713,|,
14,150,1769,|,
14,242,1769,ago,
14,446,1769,|,
14,450,1773,rcs,rcs
14,2454,1769,fercsrc,fercsrc
14,2710,1769,forcisrc,forcisrc
14,2915,1769,|,
14,3033,1769,|,
14,150,1826,|,
14,242,1826,ast,
14,450,1830,|,
14,907,1826,icspc,icspc
14,1146,1830,||,
14,2026,1826,icispc,icispc
14,2250,1826,|,
14,2447,1826,fercisrc,fercisrc
14,2691,1826,|,
14,2849,1830,|,
14,150,1882,|,
14,242,1882,ae,
14,439,1882,|,
14,926,1882,dca,
14,1565,1882,[apcapc|srcarc,[apcapc|srcarc
14,2052,1882,|,
14,2184,1886,|,
14,2388,1886,|,
14,2618,1886,|,
14,150,1939,pes,
14,450,1943,|,
14,1552,1939,fotsepts,
14,1854,1939,||,
14,150,1995,pee,
14,450,1999,Pfr,
14,2717,1995,|spcarc_[8PC.APC,8c
14,3099,1995,|,
14,150,2052,|,
14,242,2052,aes,
14,450,2052,TT,
14,920,2052,fpcsspc,fpcsspc
14,1146,2052,P|,
14,1940,2052,arch,arch
14,2710,2052,farcssrc,farcssrc
14,2929,2056,|,
14,154,2112,a,
14,755,2112,Ge,
14,946,2112,GG,
14,1367,2108,GU,
14,1861,2112,GS,
14,2065,2108,(OO,
14,2493,2108,070,
14,154,2169,A,
14,755,2169,GG,
14,1150,2165,GO,
14,1723,2169,GS,
14,2065,2169,GO,
14,2467,2165,(107-10,
14,150,2221,|,
14,242,2221,aes,
14,446,2221,|,
14,604,2221,CTC,
14,907,2221,Cfercsazpc_fepcspc,cfercsazpc_fepcspc
14,1348,2221,|ercaec,|ercaec
14,1565,2221,|,
14,1736,2225,|,
14,1986,2225,|,
14,150,2278,|,
14,242,2278,aso,
14,446,2278,|,
14,604,2278,CT,
14,788,2278,CCCs,
14,1130,2278,fapciepc,fapciepc
14,1341,2278,|,
14,1558,2278,fapciepc,fapciepc
14,1815,2278,|,
14,1986,2282,|,
14,2289,2282,|,
14,150,2334,|,
14,248,2334,490,
14,446,2334,|,
14,604,2334,Cidrcrrc,cidrcrrc
14,940,2334,||,
14,1146,2338,src,src
14,2710,2334,forccrc,forccrc
14,2915,2334,[|,
15,152,104,Camp,
15,259,104,Mather,
15,380,104,2026,
15,470,104,Waiting,
15,604,104,List,
15,153,217,Find,
15,228,213,your,
15,306,213,waiting,
15,433,217,list,
15,490,217,number.,
15,634,217,Count,
15,743,217,number,
15,877,217,of,
15,916,217,families,
15,1054,217,above,
15,1158,223,you,
15,1227,217,requesting,
15,1406,223,same,
15,1502,217,week(s),
15,1639,217,/,
15,1660,217,cabin,
15,1758,217,size(s).,
15,188,370,Waiting,
15,334,370,List#,
15,458,374,May31-June3,
15,755,374,June3-6,
15,946,374,June7-13,
15,1152,374,June14-20,
15,1367,374,June21-27,
15,1582,374,June28-July4,
15,1860,374,July5-11,
15,2066,374,July12-18,
15,2266,374,July19-25,
15,2472,374,July,
15,2549,374,26-Aug1,
15,2728,370,Aug,
15,2796,374,2-8,
15,2934,370,Aug,
15,3005,374,9-15,
15,154,417,a,
15,755,417,Ge,
15,946,417,GQ,
15,1367,417,GG,
15,2065,413,(OO,
15,2493,413,071,
15,2599,417,e,
15,154,474,GG,
15,1150,470,GG,
15,1947,470,S(O,
15,2473,470,OO,
15,2763,470,I,
15,2934,470,(2,
15,2967,470,00%-1,
15,3059,470,ome,
15,154,530,a,
15,755,530,GG,
15,1216,526,co,
15,1367,530,OG,
15,2065,526,(OO,
15,2473,530,OO,
15,150,583,|,
15,242,583,aoa,
15,446,583,|,
15,597,583,CTT,
15,1124,583,fscizpcppcizpc,fscizpcppcizpc
15,1565,583,|,
15,1736,587,|,
15,1986,587,|,
15,150,639,|,
15,248,639,aos,
15,413,639,|,
15,597,639,CT,
15,972,639,orcs,orcs
15,1341,639,|,
15,1558,639,fepcspcfercispc_,fepcspcfercispc_
15,2046,639,|,
15,2190,643,|,
15,2388,643,|,
15,2599,639,CT,
15,150,696,|,
15,242,696,ae,
15,413,696,|,
15,630,696,TT,
15,1130,696,spcapc,spcapc
15,1348,696,|,
15,1512,696,Cac,
15,1848,696,ppcapc,ppcapc
15,2052,696,|,
15,2190,700,|,
15,2388,700,|,
15,2618,700,|,
15,150,752,|,
15,242,752,47,
15,446,752,|,
15,610,752,ida,
15,926,752,fapciapc,fapciapc
15,1137,752,[|,
15,1348,752,fapcapc,fapcapc
15,1565,752,|,
15,1736,756,|,
15,1854,756,|,
15,150,809,pap,
15,450,813,|,
15,2467,809,rtsscets,
15,2704,809,|,
15,154,869,a,
15,755,869,Ge,
15,946,869,GG,
15,1367,869,GG,
15,2065,865,(OO,
15,2473,865,700,
15,150,922,|,
15,248,922,500,
15,446,922,|,
15,604,922,Cid,
15,755,922,scswpc,scswpc
15,940,926,||,
15,2362,922,PC,pc
15,2915,922,[oP,
15,2980,922,CPC,cpc
15,3099,922,|,
15,150,978,po,
15,255,978,son,
15,450,982,|,
15,749,982,scree,
15,2460,978,|,
15,150,1035,|,
15,242,1035,soz,
15,450,1039,|,
15,1848,1035,srczrc,srczrc
15,2060,1039,fC,
15,150,1091,pos,
15,426,1091,|,
15,450,1095,Perc,perc
15,2454,1091,|5rccrc_,5c
15,2710,1091,|srcerc,|srcerc
15,2915,1091,|,
15,3033,1091,|,
15,150,1148,|,
15,242,1148,soa,
15,439,1148,|,
15,604,1148,CT,
15,841,1148,Cds,
15,1130,1148,fapciepc,fapciepc
15,1341,1148,|,
15,1565,1148,fapciepc,fapciepc
15,1815,1148,|,
15,1986,1152,|,
15,2164,1148,CE,
15,2388,1152,|,
15,150,1204,pcos,pcos
15,446,1204,|,
15,450,1208,arcsec,arcsec
15,2283,1204,dacs,
15,2684,1204,|,
15,2980,1204,CSP,
15,150,1261,|,
15,242,1261,soe,
15,446,1261,|,
15,450,1265,fe,
15,150,1317,|,
15,242,1317,som,
15,433,1317,|,
15,1038,1317,forsee,
15,1854,1321,|r,
15,2710,1317,forcispc,forcispc
15,2921,1317,[|,
15,150,1374,|,
15,242,1374,sop,
15,433,1374,|,
15,630,1374,TT,
15,1091,1374,csc,
15,1348,1374,fapcispc,fapcispc
15,1565,1374,|,
15,1743,1378,|,
15,1986,1378,|,
15,150,1430,p,
15,242,1430,soo,
15,446,1430,|,
15,450,1434,arch,arch
15,2921,1430,far,
15,2980,1430,cer,
15,3086,1430,_|,
15,150,1487,|,
15,242,1487,sto,
15,446,1487,|,
15,617,1487,CdPC3PC,3c
15,913,1487,_Japcispc_[apcapc,_japcispc_[apcapc
15,1348,1487,|,
15,1493,1491,|,
15,1743,1491,|,
15,1986,1491,|,
15,150,1543,|,
15,242,1543,stat,
15,413,1543,|,
15,604,1543,Cid,
15,926,1543,fapciapc[apcapc,fapciapc[apcapc
15,1348,1543,|,
15,1493,1547,|,
15,1743,1543,||,
15,150,1600,po,
15,255,1600,saz,
15,450,1604,|,
15,749,1604,eh,
15,2724,1600,erc.ahC,erc.ahc
15,2901,1600,[oP,
15,2980,1600,C.APC,c.apc
15,3092,1600,|,
15,150,1656,|,
15,248,1656,sis,
15,426,1656,|,
15,926,1656,fers,
15,1565,1656,fopcspcfercispec_,fopcspcfercispec_
15,2046,1656,|,
15,2190,1660,|,
15,2388,1660,|,
15,2618,1660,|,
15,150,1713,|,
15,242,1713,saa,
15,446,1713,|,
15,604,1713,Cdr,
15,920,1713,fapcopc,fapcopc
15,1137,1713,|,
15,1282,1717,|,
15,1361,1717,EE,
15,150,1769,posts,
15,419,1769,|,
15,450,1773,rer,
15,2019,1769,_spcierpc,_spcierpc
15,2250,1769,|,
15,2454,1769,|spcerc,|spcerc
15,2691,1769,|,
15,2849,1769,|,
15,150,1826,ES,
15,755,1830,GG,
15,1150,1830,CG,
15,1960,1830,GG,
15,2473,1830,GG,
15,150,1882,|,
15,242,1882,siz,
15,426,1882,|,
15,597,1882,CT,
15,854,1882,iris,
15,1124,1882,fopcspc,fopcspc
15,1348,1882,|,
15,1493,1886,|,
15,1743,1882,C|Csfpcispc,c|csfpcispc
15,2256,1882,|,
15,2388,1886,|,
15,2618,1886,|,
15,150,1939,posts|,
15,1084,1939,sec,
15,1841,1939,fapcsrc_|apcspc,fapcsrc_|apcspc
15,2256,1939,|,
15,2388,1943,|,
15,2618,1943,|,
15,2849,1943,TC,
15,150,1995,posta,
15,433,1995,|,
15,450,1999,force,force
15,2684,1995,|,
15,150,2052,|,
15,268,2052,s20,
15,446,2052,|,
15,597,2052,CTC,
15,1302,2052,rcs,rcs
15,1841,2052,forcsrc_|epcspc,forcsrc_|epcspc
15,2256,2052,|,
15,2388,2056,|,
15,2618,2056,|,
15,2776,2056,CT,
15,150,2108,po,
15,255,2108,sat,
15,433,2108,|,
15,450,2112,csr,
15,2915,2108,[5P,
15,2980,2108,CPC,cpc
15,3099,2108,|,
15,150,2165,|,
15,242,2165,saz,
15,446,2165,|,
15,597,2165,CT,
15,841,2165,CT,
15,1117,2165,fetseprs,
15,1361,2165,||,
15,1743,2169,ET,
15,2434,2165,istsscpts,
15,2723,2169,||,
15,150,2221,po,
15,255,2221,sas,
15,446,2221,|,
15,1045,2221,score,
15,1854,2225,tsp,
15,2915,2221,[5P,
15,2980,2221,CPC,cpc
15,3092,2221,|,
15,150,2278,psa,
15,450,2282,|,
15,749,2282,arch,arch
15,2717,2278,face,
15,2921,2278,[aPc6PC,6c
15,3092,2278,|,
15,150,2334,psa,
15,450,2338,|,
15,1315,2334,crc,crc
15,2039,2334,fzrc2pc_fapcapc,2c
15,2466,2334,||,
15,2829,2338,CT,
16,152,104,Camp,
16,259,104,Mather,
16,380,104,2026,
16,470,104,Waiting,
16,604,104,List,
16,153,217,Find,
16,228,213,your,
16,306,213,waiting,
16,433,217,list,
16,490,217,number.,
16,634,217,Count,
16,743,217,number,
16,877,217,of,
16,916,217,families,
16,1054,217,above,
16,1158,223,you,
16,1227,217,requesting,
16,1406,223,same,
16,1502,217,week(s),
16,1639,217,/,
16,1660,217,cabin,
16,1758,217,size(s).,
16,188,370,Waiting,
16,334,370,List#,
16,458,374,May31-June3,
16,755,374,June3-6,
16,946,374,June7-13,
16,1152,374,June14-20,
16,1367,374,June21-27,
16,1582,374,June28-July4,
16,1860,374,July5-11,
16,2066,374,July12-18,
16,2266,374,July19-25,
16,2472,374,July,
16,2549,374,26-Aug1,
16,2728,370,Aug,
16,2796,374,2-8,
16,2934,370,Aug,
16,3005,374,9-15,
16,150,413,psa,
16,419,413,|,
16,450,417,srr,
16,2059,413,spcapc,spcapc
16,2256,413,||,
16,2704,413,dPCarc,dpcarc
16,2915,413,|,
16,150,470,|,
16,242,470,sam,
16,446,470,|,
16,597,470,CT,
16,986,470,scape,
16,1361,474,|,
16,2302,470,daca,
16,2980,470,CaP,
16,3099,470,|,
16,150,526,pose,
16,439,526,|,
16,450,530,csc,
16,2454,526,farcsrc,farcsrc
16,2691,526,|,
16,150,583,|,
16,242,583,sag,
16,450,587,|,
16,1769,583,aPC,apc
16,2454,583,farcarc,farcarc
16,2710,583,darciarc,darciarc
16,2929,587,|,
16,150,639,|,
16,242,639,sao,
16,446,639,|,
16,624,643,TC,
16,920,639,drcszpc,drcszpc
16,1130,639,fapcizpc,fapcizpc
16,1341,639,|,
16,1565,639,fapcapc,fapcapc
16,1815,639,|,
16,1986,643,|,
16,150,696,po,
16,255,696,ssn,
16,426,696,|,
16,604,700,CT,
16,1591,696,tserc,tserc
16,1854,696,||,
16,150,752,po,
16,255,752,saz,
16,450,756,|,
16,1427,752,arc,arc
16,2046,752,farciapc,farciapc
16,2250,752,fapcapc,fapcapc
16,2454,752,|,
16,2618,756,||,
16,154,813,pssst,
16,2118,809,aPC,apc
16,2454,809,|srcarc,|srcarc
16,2710,809,|spcarc,|spcarc
16,2915,809,||,
16,150,865,|,
16,242,865,saa,
16,446,865,|,
16,716,865,idercrapc,idercrapc
16,933,865,|,
16,1065,869,|,
16,1275,869,|,
16,1479,865,sftp,
16,1841,865,fopcapc,fopcapc
16,2052,865,|,
16,2184,869,|,
16,2388,869,|,
16,2618,869,|,
16,150,922,psa,
16,450,926,|,
16,940,926,eho.,
16,2921,922,[oP,
16,2980,922,C.APC,c.apc
16,150,978,|,
16,242,978,sae,
16,413,978,|,
16,630,982,TC,
16,907,978,Cdzrcszpcfapcspc,cdzrcszpcfapcspc
16,1341,978,|,
16,1565,978,fapcgpc,fapcgpc
16,1815,978,|,
16,1986,982,|,
16,150,1035,Pp,
16,255,1035,ss7,
16,426,1035,|,
16,450,1039,ers,
16,2776,1035,CePC_[5PC.EPC,5c
16,3092,1035,|,
16,154,1095,a,
16,755,1095,GR,
16,940,1091,(301,
16,1367,1095,Gn,
16,1947,1095,S(O,
16,2473,1091,OO,
16,2730,1091,CO,
16,150,1148,p,
16,242,1148,sso,
16,450,1152,|,
16,1440,1148,rcs,rcs
16,2060,1152,|,
16,150,1204,|,
16,242,1204,sao,
16,439,1204,|,
16,450,1208,sch,
16,2250,1204,[apap,
16,2460,1204,arcsec,arcsec
16,2717,1204,|,
16,2849,1204,|,
16,150,1261,|,
16,242,1261,sat,
16,426,1261,|,
16,597,1261,CT,
16,874,1261,Tacs,
16,1348,1261,|,
16,1558,1261,facspcfapcsspc,facspcfapcsspc
16,2052,1261,|,
16,2190,1265,|,
16,2388,1265,|,
16,2618,1265,|,
16,150,1317,po,
16,248,1317,saa,
16,450,1321,Parcs,parcs
16,2717,1317,farce,farce
16,2901,1317,[ar,
16,2980,1317,cer,
16,3086,1317,_|,
16,150,1374,|,
16,242,1374,sas,
16,446,1374,|,
16,604,1374,CT,
16,788,1374,CC,
16,946,1374,scispcfopcepc,scispcfopcepc
16,1354,1374,|,
16,1499,1378,|,
16,1743,1378,|,
16,1986,1378,|,
16,446,1430,po,
16,1525,1430,arcs,arcs
16,2045,1430,farcisrpc,farcisrpc
16,2249,1430,|,
16,2453,1430,darcsrc,darcsrc
16,2690,1430,|,
16,2848,1434,|,
16,745,1487,japcapc,japcapc
16,929,1487,[apcapc,[apcapc
16,1133,1487,|,
16,1278,1491,|,
16,1495,1491,|,
16,446,1543,Pp,
16,630,1547,|,
16,920,1543,facyspc,facyspc
16,1137,1543,|,
16,1275,1547,|,
16,1558,1543,fapcwpc,fapcwpc
16,1808,1543,|,
16,1960,1543,sapccwpc,sapccwpc
16,2243,1543,(||,
16,2618,1547,|,
16,749,1604,a,
16,1146,1604,ss,
16,1857,1604,GO,
16,2265,1600,C070,
16,2726,1604,Cc,
16,749,1660,|,
16,922,1656,fapcapc,fapcapc
16,1133,1656,japcapc,japcapc
16,1350,1656,|,
16,1488,1660,|,
16,1712,1656,CT,
16,2338,1656,cap,
16,745,1713,|,
16,889,1713,sifsecspc,sifsecspc
16,1126,1713,[arcsec,[arcsec
16,1350,1713,|,
16,1488,1717,|,
16,1739,1717,|,
16,2035,1713,ssczec,
16,2260,1717,|,
16,749,1773,|,
16,916,1769,ifepcapc,ifepcapc
16,1146,1773,|,
16,1361,1773,fh,
16,2917,1769,feria,
16,3095,1769,|,
16,749,1830,|,
16,916,1826,ifepcapc,ifepcapc
16,1140,1826,|,
16,1278,1830,|,
16,1495,1830,|,
16,1712,1826,CT,
16,1890,1826,Ceca,
16,2252,1826,opciapc,opciapc
16,2466,1830,[TT,
16,745,1882,po,
16,940,1886,arcsec,arcsec
16,2456,1882,Tac,
16,2805,1882,5PC,5c
16,2917,1882,[apc.sPC,[apc.spc
16,3088,1882,|,
16,745,1939,po,
16,1146,1943,aPC,apc
16,2917,1939,fac,
16,3003,1939,arc,arc
16,3095,1939,|,
16,745,1995,po,
16,1627,1995,apc,apc
16,2140,1995,apc,apc
16,2239,1995,farciapc,farciapc
16,2450,1995,fapcapc,fapcapc
16,2723,1999,||,
16,749,2056,pT,
16,1146,2056,fs,
16,2917,2052,[SPC,[spc
16,3009,2052,SPC,spc
16,150,2108,|,
16,242,2108,sce,
16,406,2108,|,
16,617,2108,Cscsrc,cscsrc
16,926,2108,|spcispc,|spcispc
16,1137,2108,|,
16,1275,2112,|,
16,1499,2108,EE,
16,2408,2108,fC,
16,3020,2108,BPC,bpc
16,3099,2108,|,
16,150,2165,|,
16,242,2165,sez,
16,446,2165,|,
16,643,2165,sdtscopc,sdtscopc
16,940,2169,||,
16,2408,2165,fC,
16,3020,2165,PC,pc
16,150,2221,posse,
16,446,2221,|,
16,450,2225,fers,
16,2046,2221,|orcispc_fepcspc,|orcispc_fepcspc
16,2454,2221,|,
16,2618,2221,|,
16,2849,2221,|,
16,150,2278,|,
16,242,2278,sso,
16,446,2278,|,
16,624,2282,|,
16,847,2278,Cispcispc,cispcispc
16,1146,2282,||,
16,150,2334,|,
16,242,2334,seo,
16,450,2338,|,
16,749,2338,csc,
16,2454,2334,farcsrc_farcispc,farcsrc_farcispc
16,2921,2334,[|,
17,152,104,Camp,
17,259,104,Mather,
17,380,104,2026,
17,470,104,Waiting,
17,604,104,List,
17,153,217,Find,
17,228,213,your,
17,306,213,waiting,
17,433,217,list,
17,490,217,number.,
17,634,217,Count,
17,743,217,number,
17,877,217,of,
17,916,217,families,
17,1054,217,above,
17,1158,223,you,
17,1227,217,requesting,
17,1406,223,same,
17,1502,217,week(s),
17,1639,217,/,
17,1660,217,cabin,
17,1758,217,size(s).,
17,188,370,Waiting,
17,334,370,List#,
17,458,374,May31-June3,
17,755,374,June3-6,
17,946,374,June7-13,
17,1152,374,June14-20,
17,1367,374,June21-27,
17,1582,374,June28-July4,
17,1860,374,July5-11,
17,2066,374,July12-18,
17,2266,374,July19-25,
17,2472,374,July,
17,2549,374,26-Aug1,
17,2728,370,Aug,
17,2796,374,2-8,
17,2934,370,Aug,
17,3005,374,9-15,
17,150,413,|,
17,242,413,set,
17,419,413,|,
17,604,417,CT,
17,1841,413,fercerc_|orcierc_fepcepc,fercerc_|orcierc_fepcepc
17,2454,413,|,
17,2618,417,|,
17,2849,417,|,
17,150,470,|,
17,242,470,sez,
17,446,470,|,
17,624,474,|,
17,788,470,CC,
17,946,470,sciapc,sciapc
17,1137,470,spcapc,spcapc
17,1348,470,|,
17,1493,474,|,
17,1743,470,||,
17,2276,470,icp,
17,2723,474,||,
17,150,526,|,
17,242,526,ses,
17,419,526,|,
17,604,526,CT,
17,847,526,CCPC,ccpc
17,1144,526,spcapc,spcapc
17,1341,526,|,
17,1572,526,"spcapc,","spcapc,"
17,1815,526,|,
17,1986,530,|,
17,446,583,apcapc,apcapc
17,689,583,"fapc,gpc","fapc,gpc"
17,933,583,|,
17,1071,587,|,
17,1282,587,|,
17,446,639,|,
17,2466,587,es,
17,2804,583,ee,
17,2995,583,ee,
17,745,639,po,
17,1146,643,fac,
17,2917,639,[Pca,[pca
17,3095,639,|,
17,150,696,|,
17,248,696,ses,
17,413,696,|,
17,450,700,sc,
17,2454,696,farcsrc,farcsrc
17,2710,696,darcisrc,darcisrc
17,2915,696,||,
17,150,752,|,
17,242,752,sem,
17,433,752,|,
17,604,756,CT,
17,1841,752,fercerc_|orcierc_fepcepc,fercerc_|orcierc_fepcepc
17,2454,752,|,
17,2618,756,|,
17,2849,756,|,
17,150,809,|,
17,242,809,ses,
17,446,809,|,
17,604,809,CTC,
17,900,809,CdacigzpCfapcapc,cdacigzpcfapcapc
17,1341,809,|,
17,1558,809,fapcispc,fapcispc
17,1815,809,|,
17,1854,813,||,
17,150,865,|,
17,248,865,seo,
17,433,865,|,
17,1065,865,cap,
17,1841,865,fzrcarc_|spcapc,fzrcarc_|spcapc
17,2256,865,|,
17,2388,869,|,
17,2618,869,|,
17,150,922,|,
17,242,922,570,
17,446,922,|,
17,617,922,CédAPC3PC,3c
17,913,922,_JaPc.spC_[apcspc,_japc.spc_[apcspc
17,1348,922,|,
17,1493,926,|,
17,1743,926,|,
17,1986,926,|,
17,150,978,|,
17,242,978,svt,
17,413,978,|,
17,597,978,CCT,
17,847,978,Cds,
17,1130,978,fapcepc,fapcepc
17,1341,978,|,
17,1558,978,fapclepc,fapclepc
17,1815,978,|,
17,1986,982,|,
17,2289,982,|,
17,150,1035,ps2,
17,450,1039,|,
17,749,1039,aPC,apc
17,2454,1035,farcarcdaPcarc,farcarcdapcarc
17,2915,1035,|,
17,150,1091,psa,
17,433,1091,|,
17,450,1095,scree,
17,2283,1091,dacs,
17,2710,1091,farcsspc,farcsspc
17,2915,1091,|,
17,150,1148,|,
17,235,1148,574,
17,439,1148,fapcapcfapcapc_japcapc,fapcapcfapcapc_japcapc
17,1137,1148,|,
17,1275,1152,|,
17,1499,1152,|,
17,1576,1152,ET,
17,150,1204,poms,
17,419,1204,|,
17,597,1208,CT,
17,1558,1204,fsrcorts,fsrcorts
17,1854,1204,||,
17,2283,1204,facts,
17,2710,1204,farcerts,farcerts
17,2921,1204,||,
17,150,1261,|,
17,242,1261,sve,
17,413,1261,|,
17,597,1261,CT,
17,907,1261,sscspc,sscspc
17,1146,1265,||,
17,2026,1261,iscishc,
17,2260,1261,||,
17,2612,1261,fcc,
17,150,1317,posvz,
17,426,1317,|,
17,450,1321,capo,
17,2454,1317,fprczrec,fprczrec
17,2691,1317,|,
17,150,1374,|,
17,242,1374,sve,
17,446,1374,|,
17,604,1374,CTT,
17,1084,1374,pct,pct
17,1348,1374,|,
17,1558,1374,fecapc,fecapc
17,1795,1374,i,
17,1841,1374,fopciapc,fopciapc
17,2052,1374,|,
17,2190,1378,|,
17,2388,1378,|,
17,2618,1378,|,
17,150,1430,|,
17,242,1430,579,
17,419,1430,"ifapcapc|arc,apc_|apcapc","ifapcapc|arc,apc_|apcapc"
17,1137,1430,|,
17,1275,1434,|,
17,1361,1434,TE,
17,150,1487,|,
17,242,1487,seo,
17,446,1487,|,
17,597,1491,CT,
17,1091,1487,csc,
17,1354,1487,|,
17,1558,1487,facerpcfapciopc,facerpcfapciopc
17,2052,1487,|,
17,2184,1491,|,
17,2388,1491,|,
17,2618,1491,|,
17,150,1543,poset,
17,426,1543,|,
17,450,1547,src,src
17,2019,1543,_[srciapc_[apcapc,_[srciapc_[apcapc
17,2454,1543,|,
17,2618,1543,||,
17,150,1600,|,
17,242,1600,sez,
17,446,1600,|,
17,624,1604,|,
17,907,1600,iscwpc,iscwpc
17,1146,1604,||,
17,2019,1600,sscshc,
17,2250,1600,|,
17,2454,1600,sciorc,sciorc
17,2723,1604,||,
17,150,1656,|,
17,242,1656,ses,
17,446,1656,|,
17,624,1656,iscoapc,iscoapc
17,940,1660,|,
17,150,1713,|,
17,242,1713,sea,
17,446,1713,|,
17,624,1713,Tippee,
17,1146,1717,P|,
17,2315,1713,area,
17,2980,1713,CEP,
17,3099,1713,|,
17,150,1769,poses,
17,419,1769,|,
17,450,1773,rcs,rcs
17,2454,1769,fercsrc_,fercsrc_
17,2710,1769,forcisrc,forcisrc
17,2915,1769,||,
17,150,1826,|,
17,242,1826,ses,
17,413,1826,|,
17,624,1830,|,
17,907,1826,sfpcrapc,sfpcrapc
17,1146,1830,P|,
17,2302,1826,daca,
17,2980,1826,CaP,
17,3099,1826,|,
17,150,1882,|,
17,242,1882,sem,
17,446,1882,|,
17,604,1882,Ciscoe,
17,940,1882,||,
17,1146,1886,PCP,pcp
17,150,1939,|,
17,242,1939,ses,
17,446,1939,|,
17,604,1939,CT,
17,788,1939,Css,
17,1124,1939,fopcspc,fopcspc
17,1348,1939,|,
17,1493,1943,|,
17,1743,1939,||,
17,2427,1939,rcs,rcs
17,2929,1943,|,
17,150,1995,|,
17,242,1995,seo,
17,433,1995,|,
17,1065,1995,cap,
17,1841,1995,fspcarc,fspcarc
17,2052,1995,|,
17,2190,1995,||,
17,150,2052,|,
17,268,2052,s90,
17,439,2052,|,
17,597,2052,CT,
17,854,2052,iscispc,iscispc
17,1144,2052,|,
17,1282,2056,|,
17,150,2108,po,
17,248,2108,sot,
17,419,2108,|,
17,1032,2108,force,force
17,1854,2112,tfc,
17,2980,2108,c.APC,c.apc
17,3092,2108,|,
17,150,2165,|,
17,242,2165,soz,
17,446,2165,|,
17,630,2169,TC,
17,1302,2165,ec,
17,1657,2165,apc,apc
17,1809,2165,secre,
17,2052,2165,|,
17,2190,2165,||,
17,150,2221,|,
17,242,2221,sos,
17,446,2221,|,
17,716,2221,idacrapc,idacrapc
17,933,2221,|,
17,1065,2221,TT,
17,1486,2221,fact,
17,1809,2221,|,
17,2046,2221,apccapc,apccapc
17,2260,2221,||,
17,2618,2225,|,
17,150,2278,psoas,
17,450,2278,||,
17,907,2278,ircizpc,ircizpc
17,1146,2282,P|,
17,1967,2278,dpc,dpc
17,2243,2278,fapcsspc,fapcsspc
17,2460,2278,|,
17,2618,2282,|,
17,2855,2282,|,
17,150,2334,po,
17,248,2334,sos,
17,450,2338,|,
17,749,2338,rcp,rcp
17,2710,2334,forces,forces
17,2888,2334,_[ePc.5PC,5c
17,3099,2334,|,
18,152,104,Camp,
18,259,104,Mather,
18,380,104,2026,
18,470,104,Waiting,
18,604,104,List,
18,153,217,Find,
18,228,213,your,
18,306,213,waiting,
18,433,217,list,
18,490,217,number.,
18,634,217,Count,
18,743,217,number,
18,877,217,of,
18,916,217,families,
18,1054,217,above,
18,1158,223,you,
18,1227,217,requesting,
18,1406,223,same,
18,1502,217,week(s),
18,1639,217,/,
18,1660,217,cabin,
18,1758,217,size(s).,
18,188,370,Waiting,
18,334,370,List#,
18,458,374,May31-June3,
18,755,374,June3-6,
18,946,374,June7-13,
18,1152,374,June14-20,
18,1367,374,June21-27,
18,1582,374,June28-July4,
18,1860,374,July5-11,
18,2066,374,July12-18,
18,2266,374,July19-25,
18,2472,374,July,
18,2549,374,26-Aug1,
18,2728,370,Aug,
18,2796,374,2-8,
18,2934,370,Aug,
18,3005,374,9-15,
18,150,413,|,
18,242,413,soe,
18,413,413,|,
18,597,413,CTech,
18,1361,417,|,
18,1743,413,TC,
18,2026,413,Crcssrc,crcssrc
18,2250,413,|,
18,2447,413,fercorc,fercorc
18,2691,413,|,
18,2849,417,|,
18,150,470,p,
18,242,470,som,
18,450,474,|,
18,2454,470,oresrc,oresrc
18,2691,470,|,
18,150,526,po,
18,248,526,soe,
18,419,526,|,
18,450,530,aPC,apc
18,2460,526,orpcrarc,orpcrarc
18,2691,526,|,
18,150,583,|,
18,248,583,soo,
18,450,587,|,
18,749,587,rcs,rcs
18,2454,583,|,
18,2750,583,c5PC_,5c
18,2915,583,[oP,
18,2980,583,c5PC,5c
18,3092,583,|,
18,150,639,|,
18,242,639,soo,
18,446,639,|,
18,1032,639,force,force
18,1854,639,||,
18,2171,639,fcc,
18,2460,639,opcapc,opcapc
18,2691,639,|,
18,2849,643,|,
18,150,696,|,
18,248,696,sot,
18,446,696,|,
18,597,700,Cpr,
18,1361,700,||,
18,2019,696,CdCPCfapcepc,cdcpcfapcepc
18,2460,696,|,
18,2618,700,|,
18,2855,700,|,
18,150,752,|,
18,248,752,coz,
18,446,752,|,
18,604,752,CT,
18,847,752,Cfarcspcfapcispc,cfarcspcfapcispc
18,1348,752,arcsec,arcsec
18,1565,752,|,
18,1736,756,|,
18,1986,756,|,
18,150,809,|,
18,242,809,eos,
18,426,809,|,
18,1051,809,rcs,rcs
18,1841,809,forcssrc,forcssrc
18,2060,809,|||,
18,2599,809,sf,
18,2730,809,scsrc,scsrc
18,150,865,|,
18,248,865,coe,
18,446,865,|,
18,946,865,rcp,rcp
18,150,922,|,
18,242,922,eos,
18,419,922,|,
18,450,926,dara,
18,2046,922,farciapc,farciapc
18,2250,922,fapcapc,fapcapc
18,2454,922,|,
18,2618,922,||,
18,150,978,|,
18,242,978,eos,
18,413,978,|,
18,610,978,Cdscorpc,cdscorpc
18,933,978,|,
18,1065,982,|,
18,1256,978,Cscwpc,cscwpc
18,1565,978,|,
18,1730,978,C|CCdspcopc,c|ccdspcopc
18,2256,978,|,
18,2388,982,|,
18,2618,982,|,
18,150,1035,|,
18,248,1035,com,
18,446,1035,|,
18,450,1039,CCPC,ccpc
18,1855,1035,5rCarc|spcapc,5c
18,2256,1035,|,
18,2388,1035,|,
18,2618,1035,|,
18,2855,1035,|,
18,150,1091,|,
18,242,1091,eos,
18,426,1091,|,
18,630,1091,Tapco,tapco
18,1348,1091,|,
18,1558,1091,fapcopc,fapcopc
18,1815,1091,|,
18,1980,1095,|,
18,2171,1091,sacs,
18,2466,1095,|||,
18,150,1148,|,
18,248,1148,soo,
18,446,1148,|,
18,450,1152,rts,
18,2612,1148,ts,
18,2717,1148,ortsscrts,
18,2928,1148,|,
18,3099,1148,|,
18,150,1204,|,
18,242,1204,eto,
18,413,1204,|,
18,597,1204,CT,
18,847,1204,Cfo,
18,1137,1204,fapciepc,fapciepc
18,1341,1204,|,
18,1565,1204,fapciepc,fapciepc
18,1815,1204,|,
18,1986,1208,|,
18,150,1261,|,
18,242,1261,ett,
18,450,1265,|,
18,1578,1261,rcsec,rcsec
18,1854,1261,||,
18,2263,1261,eczpc,eczpc
18,2466,1261,||P,
18,3013,1261,BPC,bpc
18,150,1317,|,
18,242,1317,ez,
18,446,1317,|,
18,597,1317,CT,
18,900,1317,Cdscszpc_fspcsec,cdscszpc_fspcsec
18,1348,1317,|,
18,1493,1321,|,
18,1743,1321,|,
18,1960,1317,Cdspcizpec,cdspcizpec
18,2256,1317,|,
18,2381,1321,|,
18,2618,1321,|,
18,150,1374,|,
18,242,1374,ets,
18,446,1374,[spcspc|spc.spc,[spcspc|spc.spc
18,940,1378,|,
18,1137,1374,fapcspc,fapcspc
18,1354,1374,|,
18,1493,1378,|,
18,1743,1374,ET,
18,150,1430,pew,
18,450,1434,Trcsrcfsrcsrc,trcsrcfsrcsrc
18,2915,1430,[|,
18,150,1487,pets,
18,450,1491,|,
18,1749,1487,PsP,
18,2460,1487,arc,arc
18,2559,1487,rC,rc
18,2710,1487,farcisrc,farcisrc
18,2929,1491,|,
18,150,1543,|,
18,242,1543,ets,
18,419,1543,|,
18,604,1543,CT,
18,847,1543,CCPC,ccpc
18,1144,1543,spcapc,spcapc
18,1341,1543,|,
18,1572,1543,spcapc,spcapc
18,1815,1543,|,
18,1986,1547,|,
18,150,1600,Pp,
18,248,1600,et7,
18,419,1600,|,
18,450,1604,sc,
18,2460,1600,arc,arc
18,2546,1600,src,src
18,2710,1600,farcsrc,farcsrc
18,2915,1600,||,
18,150,1656,|,
18,242,1656,ets,
18,419,1656,|,
18,604,1656,CT,
18,907,1656,ifpcspc,ifpcspc
18,1146,1656,||,
18,1361,1660,rch,rch
18,2921,1656,[oP,
18,2980,1656,CPC,cpc
18,3092,1656,|,
18,150,1713,|,
18,242,1713,eto,
18,419,1713,|,
18,604,1713,CT,
18,788,1713,Cs,
18,966,1713,tsspc,tsspc
18,1130,1713,[eptsepc,[eptsepc
18,1348,1713,|,
18,1558,1713,feptserc,feptserc
18,1822,1713,|,
18,1980,1717,|,
18,2190,1717,|,
18,2388,1717,|,
18,150,1769,|,
18,242,1769,eso,
18,446,1769,|,
18,450,1773,rca,rca
18,2250,1769,fepcapc,fepcapc
18,2454,1769,|orcarc,|orcarc
18,2691,1769,|,
18,2849,1769,|,
18,150,1826,peat,
18,450,1830,|,
18,2315,1826,ach,
18,2921,1826,fa,
18,2980,1826,ca,
18,3099,1826,|,
18,150,1882,peg,
18,433,1882,|,
18,450,1886,arcsec,arcsec
18,2052,1882,|,
18,2414,1882,arc,arc
18,2921,1882,[aPC.5PC,5c
18,3092,1882,|,
18,150,1939,|,
18,242,1939,ers,
18,446,1939,|,
18,624,1943,|,
18,788,1939,Cs,
18,992,1939,siapc,siapc
18,1130,1939,[eptsapc,[eptsapc
18,1348,1939,|,
18,1565,1939,feptsapc,feptsapc
18,1815,1939,|,
18,1980,1943,|,
18,2190,1939,ET,
18,150,1995,pera,
18,426,1995,|,
18,450,1999,cae,
18,2921,1995,[5P,
18,2980,1995,CAP,
18,3059,1995,C,
18,3092,1995,|,
18,150,2052,pers,
18,419,2052,|,
18,450,2056,rere,
18,2776,2052,c.ahC,
18,2901,2052,[oP,
18,2980,2052,CAP,
18,3099,2052,|,
18,154,2112,2,
18,755,2112,GR,
18,946,2108,70710,
18,1367,2112,GO,
18,1960,2112,QO,
18,150,2165,|,
18,242,2165,erm,
18,433,2165,|,
18,450,2169,eC,
18,2776,2165,C6RC__[5PC.EPC,6c
18,3092,2165,|,
18,150,2221,|,
18,242,2221,ere,
18,419,2221,|,
18,597,2221,CT,
18,907,2221,sfacyapc,sfacyapc
18,1146,2221,||,
18,1493,2221,aca,
18,1841,2221,fapcapc,fapcapc
18,2052,2221,|,
18,2184,2225,|,
18,2388,2225,|,
18,2618,2225,|,
18,150,2278,|,
18,248,2278,erg,
18,433,2278,|,
18,450,2282,serfs,
18,2855,2278,C__[8PCEPC,8c
18,3092,2278,|,
18,150,2334,|,
18,255,2334,30,
18,446,2334,|,
18,610,2334,sda,
18,913,2334,_fapcispc,_fapcispc
18,1146,2334,[|,
18,1361,2338,fac,
19,152,104,Camp,
19,259,104,Mather,
19,380,104,2026,
19,470,104,Waiting,
19,604,104,List,
19,153,217,Find,
19,228,213,your,
19,306,213,waiting,
19,433,217,list,
19,490,217,number.,
19,634,217,Count,
19,743,217,number,
19,877,217,of,
19,916,217,families,
19,1054,217,above,
19,1158,223,you,
19,1227,217,requesting,
19,1406,223,same,
19,1502,217,week(s),
19,1639,217,/,
19,1660,217,cabin,
19,1758,217,size(s).,
19,188,370,Waiting,
19,334,370,List#,
19,458,374,May31-June3,
19,755,374,June3-6,
19,946,374,June7-13,
19,1152,374,June14-20,
19,1367,374,June21-27,
19,1582,374,June28-July4,
19,1860,374,July5-11,
19,2066,374,July12-18,
19,2266,374,July19-25,
19,2472,374,July,
19,2549,374,26-Aug1,
19,2728,370,Aug,
19,2796,374,2-8,
19,2934,370,Aug,
19,3005,374,9-15,
19,150,413,pest,
19,419,413,|,
19,722,413,scape,
19,1146,413,fT,
19,1361,417,Cah,
19,2921,413,[5PC.APC,5c
19,3092,413,|,
19,150,470,|,
19,261,470,esz,
19,413,470,|,
19,624,474,|,
19,900,470,sscspc,sscspc
19,1144,470,|,
19,1275,474,|,
19,2210,470,cor,
19,2724,470,5rcicrc,5c
19,2929,474,|,
19,150,526,|,
19,242,526,633,
19,446,526,fapcapc,fapcapc
19,683,526,fapcapc,fapcapc
19,933,526,|,
19,1065,530,|,
19,1275,530,|,
19,1828,526,face,
19,2466,530,||,
19,150,583,|,
19,242,583,ese,
19,426,583,|,
19,1032,583,fect,
19,1809,587,|,
19,2059,583,spciapc,spciapc
19,2260,587,||,
19,2730,583,srcaPc,srcapc
19,150,639,|,
19,242,639,ess,
19,446,639,|,
19,604,639,CTC,
19,907,639,Cfaopts,
19,1130,639,[apcepts,[apcepts
19,1348,639,|,
19,1565,639,"fapcepts,","fapcepts,"
19,1789,639,=|,
19,1986,643,|,
19,2190,639,ET,
19,150,696,|,
19,248,696,ese,
19,413,696,|,
19,1190,696,rcs,rcs
19,2060,700,|,
19,150,752,|,
19,255,752,es7,
19,419,752,|,
19,604,752,CT,
19,972,752,orcs,orcs
19,1341,752,|,
19,1558,752,fepcsec,fepcsec
19,1815,752,|,
19,1980,756,|,
19,2427,752,sfsrcspc,sfsrcspc
19,2691,752,|,
19,2849,756,|,
19,150,809,|,
19,242,809,ese,
19,419,809,|,
19,597,813,CT,
19,1130,809,orcspc,orcspc
19,1348,809,|,
19,1611,809,sfc,
19,2039,809,|,
19,2243,809,fepcspc,fepcspc
19,2460,809,|,
19,2618,813,|,
19,2855,813,|,
19,150,865,|,
19,242,865,eso,
19,419,865,|,
19,597,869,CT,
19,1124,865,fspcapc,fspcapc
19,1341,865,|,
19,1558,865,fapcapcfapcarc,fapcapcfapcarc
19,2052,865,|,
19,2190,869,|,
19,2388,869,|,
19,2618,869,|,
19,150,922,|,
19,242,922,eso,
19,446,922,|,
19,597,922,CT,
19,979,922,scope,
19,1361,926,|,
19,2368,922,PC,pc
19,2915,922,[SPCR,[spcr
19,3099,922,|,
19,150,978,|,
19,242,978,eat,
19,413,978,|,
19,610,978,sidsc3rc_|arc.arc,3c
19,1124,978,[spcsec,[spcsec
19,1348,978,|,
19,1493,982,|,
19,1716,978,CT,
19,1986,982,|,
19,150,1035,|,
19,242,1035,ea,
19,446,1035,|,
19,597,1035,CT,
19,847,1035,Cccp,
19,1130,1035,fopciepc,fopciepc
19,1348,1035,|,
19,1493,1039,|,
19,1782,1035,CTCCpccspc,ctccpccspc
19,2256,1035,|,
19,2388,1039,|,
19,2618,1039,|,
19,2822,1039,CT,
19,150,1091,peas,
19,450,1095,TT,
19,2039,1091,darcehcfapcerpc,darcehcfapcerpc
19,2441,1091,fapcerc,fapcerc
19,2691,1091,|,
19,2849,1091,|,
19,150,1148,pea,
19,446,1148,|,
19,630,1148,Tippee,
19,1146,1152,||,
19,2065,1148,cizpc,cizpc
19,2260,1148,f|,
19,2605,1148,dca,
19,150,1204,|,
19,242,1204,eas,
19,419,1204,|,
19,597,1204,CTT,
19,1065,1204,score,
19,1354,1204,opcorc,opcorc
19,1565,1204,|,
19,1736,1208,|,
19,1980,1208,|,
19,2296,1204,score,
19,2723,1208,||,
19,150,1261,|,
19,242,1261,eas,
19,450,1265,|,
19,1433,1261,arch,arch
19,2052,1261,arciapcfapcapc,arciapcfapcapc
19,2454,1261,|,
19,2618,1265,||,
19,150,1317,|,
19,242,1317,eam,
19,426,1317,|,
19,814,1317,fect,
19,1348,1317,|,
19,1558,1317,fzpcapc,fzpcapc
19,1854,1317,||,
19,2243,1317,fzcapc,fzcapc
19,2466,1321,|||,
19,150,1374,|,
19,242,1374,eae,
19,450,1378,|,
19,749,1378,arch,arch
19,2710,1374,faceC_[aPc6PC,6c
19,3092,1374,|,
19,150,1430,|,
19,242,1430,ean,
19,433,1430,|,
19,597,1430,CT,
19,979,1430,orcs,orcs
19,1348,1430,|,
19,1558,1430,fepcspc,fepcspc
19,1815,1430,|,
19,1986,1434,|,
19,2513,1430,foc,
19,150,1487,|,
19,248,1487,eso,
19,446,1487,|,
19,597,1487,CT,
19,1203,1487,rcs,rcs
19,1841,1487,forcsrc_|epcspc,forcsrc_|epcspc
19,2256,1487,|,
19,2388,1491,|,
19,2618,1491,|,
19,2855,1491,|,
19,150,1543,|,
19,242,1543,est,
19,419,1543,|,
19,604,1543,CT,
19,847,1543,CCPC,ccpc
19,1144,1543,spcapc,spcapc
19,1341,1543,|,
19,1565,1543,[spcapc,[spcapc
19,1815,1543,|,
19,1986,1547,|,
19,150,1600,|,
19,242,1600,652,
19,439,1600,[spcspc|spc.apc_|spc.spc,[spcspc|spc.apc_|spc.spc
19,1144,1600,|,
19,1275,1604,|,
19,1499,1604,|,
19,150,1656,pss,
19,439,1656,|,
19,1045,1656,aap,
19,1841,1656,fapcrapc,fapcrapc
19,2052,1656,|,
19,2408,1656,daar,
19,2929,1660,|,
19,150,1713,|,
19,242,1713,esa,
19,450,1717,|,
19,1999,1713,PC,pc
19,2710,1713,|5PCePC_[5PC.EPC,5c
19,3092,1713,|,
19,150,1769,pss,
19,419,1769,|,
19,604,1773,CT,
19,1855,1769,rcsrc_|spcispc_[spcspc,rcsrc_|spcispc_[spcspc
19,2454,1769,|,
19,2618,1773,|,
19,2849,1773,|,
19,150,1826,|,
19,242,1826,ess,
19,413,1826,|,
19,597,1826,CT,
19,900,1826,sfcipc,sfcipc
19,1146,1830,||,
19,1723,1826,sdacorC|apcspc,sdacorc|apcspc
19,2256,1826,|,
19,2388,1830,|,
19,2618,1830,|,
19,150,1882,|,
19,255,1882,sz,
19,433,1882,|,
19,597,1882,CT,
19,847,1882,Cryer,
19,1111,1882,_fopcepc,_fopcepc
19,1354,1882,|,
19,1499,1886,|,
19,1743,1886,|,
19,150,1939,|,
19,242,1939,ese,
19,439,1939,|,
19,450,1943,Ter,
19,2710,1939,|orceRC__[ePC.6PC,6c
19,3092,1939,|,
19,150,1995,|,
19,242,1995,eso,
19,413,1995,|,
19,597,1995,CT,
19,847,1999,Cc,
19,1130,1995,fapcapc,fapcapc
19,1354,1995,|,
19,1493,1995,TT,
19,2322,1995,scar,
19,150,2052,|,
19,248,2052,eso,
19,446,2052,|,
19,450,2056,rear,
19,2250,2052,forcapc,forcapc
19,2460,2052,opcapc,opcapc
19,2691,2052,|,
19,2849,2052,|,
19,150,2108,|,
19,242,2108,eet,
19,413,2108,|,
19,610,2108,sda,
19,926,2108,fapcapc,fapcapc
19,1137,2108,|,
19,1275,2112,|,
19,1361,2112,Tf,
19,2980,2108,cc,
19,150,2165,|,
19,248,2165,sez,
19,446,2165,|,
19,604,2165,CT,
19,788,2165,CC,
19,946,2165,scazpcfspcapc,scazpcfspcapc
19,1348,2165,|,
19,1558,2165,fspcspc,fspcspc
19,1815,2165,|,
19,1980,2169,|,
19,2289,2169,|,
19,150,2221,|,
19,242,2221,ees,
19,419,2221,|,
19,604,2221,CT,
19,847,2221,Cfo,
19,1130,2221,fapciepc,fapciepc
19,1348,2221,|,
19,1493,2225,|,
19,1736,2225,|,
19,1960,2221,Cipro,
19,2260,2221,||,
19,2618,2225,|,
19,150,2278,|,
19,242,2278,eee,
19,439,2278,|,
19,450,2282,scar,
19,2250,2278,[5Pc,5c
19,2342,2278,aPC,apc
19,2454,2278,|opcapc,|opcapc
19,2691,2278,||,
19,150,2334,|,
19,242,2334,ess,
19,419,2334,|,
19,450,2338,rcp,rcp
19,2052,2334,zrcapc_fapcapc,zrcapc_fapcapc
19,2460,2334,||,
19,2849,2334,TC,
20,152,104,Camp,
20,259,104,Mather,
20,380,104,2026,
20,470,104,Waiting,
20,604,104,List,
20,153,217,Find,
20,228,213,your,
20,306,213,waiting,
20,433,217,list,
20,490,217,number.,
20,634,217,Count,
20,743,217,number,
20,877,217,of,
20,916,217,families,
20,1054,217,above,
20,1158,223,you,
20,1227,217,requesting,
20,1406,223,same,
20,1502,217,week(s),
20,1639,217,/,
20,1660,217,cabin,
20,1758,217,size(s).,
20,188,370,Waiting,
20,334,370,List#,
20,458,374,May31-June3,
20,755,374,June3-6,
20,946,374,June7-13,
20,1152,374,June14-20,
20,1367,374,June21-27,
20,1582,374,June28-July4,
20,1860,374,July5-11,
20,2066,374,July12-18,
20,2266,374,July19-25,
20,2472,374,July,
20,2549,374,26-Aug1,
20,2728,370,Aug,
20,2796,374,2-8,
20,2934,370,Aug,
20,3005,374,9-15,
20,150,413,|,
20,248,413,ces,
20,413,413,|,
20,450,417,frac,
20,2710,413,fsrcarc,fsrcarc
20,2915,413,[|,
20,150,470,|,
20,248,470,com,
20,446,470,|,
20,450,474,arcs,arcs
20,2710,470,farccrts,farccrts
20,2921,470,||,
20,150,526,|,
20,248,526,cesT,
20,450,530,farce,farce
20,2046,526,fapcizpc,fapcizpc
20,2256,526,||,
20,2704,526,darczec,darczec
20,2915,526,|,
20,150,583,|,
20,248,583,ceo,
20,446,583,|,
20,610,583,idee,
20,940,587,|,
20,2026,583,zee,
20,2260,587,|||,
20,150,639,|,
20,242,639,evo,
20,446,639,|,
20,450,643,rc,rc
20,2717,639,fercarc,fercarc
20,2901,639,[oP,
20,2980,639,CaP,
20,3099,639,|,
20,154,700,a,
20,552,700,a,
20,885,700,2,
20,2328,700,2,
20,150,752,|,
20,242,752,672,
20,426,752,fapcspc,fapcspc
20,696,752,|,
20,867,756,|,
20,1130,752,fzpcizpc,fzpcizpc
20,1348,752,|,
20,1558,752,fzpcgpc,fzpcgpc
20,1854,756,||,
20,154,770,A,
20,150,865,|,
20,242,865,eva,
20,426,865,|,
20,1065,865,csc,
20,1841,865,farcsrc_|apcspc,farcsrc_|apcspc
20,2256,865,|,
20,2388,869,|,
20,2618,869,|,
20,150,922,|,
20,242,922,evs,
20,419,922,|,
20,597,922,CT,
20,841,922,CT,
20,1130,922,spcspc,spcspc
20,1348,922,|spcispc,|spcispc
20,1565,922,|,
20,1743,926,|,
20,1986,926,|,
20,150,978,|,
20,248,978,eve,
20,426,978,|,
20,597,982,CT,
20,1841,978,fercerc_|orcierc_fepcepc,fercerc_|orcierc_fepcepc
20,2454,978,|,
20,2618,982,|,
20,2849,982,|,
20,150,1035,|p,
20,255,1035,ev7,
20,419,1035,|,
20,450,1039,scar,
20,2250,1035,[5c,
20,2342,1035,aPC,apc
20,2454,1035,|opcapc,|opcapc
20,2691,1035,||,
20,150,1091,|,
20,242,1091,eve,
20,419,1091,|,
20,597,1091,CT,
20,900,1091,ifsrcsspc,ifsrcsspc
20,1146,1091,[|,
20,1473,1091,Circ,circ
20,2243,1091,fopcispc,fopcispc
20,2460,1091,|,
20,2618,1095,|,
20,2849,1095,|,
20,150,1148,|,
20,248,1148,eof,
20,450,1152,shah,
20,2921,1148,[BP,
20,2980,1148,CAP,
20,3099,1148,|,
20,150,1204,|,
20,242,1204,eso,
20,446,1204,|,
20,450,1208,aPC,apc
20,2454,1204,|srczrc_|src.zrec,|srczrc_|src.zrec
20,2921,1204,[|,
20,150,1261,|,
20,242,1261,eet,
20,433,1261,|,
20,604,1261,CTC,
20,1545,1261,ieetserts,
20,1841,1261,foptsepts,
20,2052,1261,|,
20,2177,1265,|,
20,2447,1261,fprs.epts_,
20,2704,1261,|,
20,2849,1265,|,
20,150,1317,|,
20,255,1317,ez,
20,433,1317,|,
20,597,1317,CTC,
20,1163,1317,ir,
20,1407,1317,etserts,
20,1565,1317,foptserts,
20,1802,1317,lertsepts|,
20,2184,1321,|,
20,2388,1321,|,
20,2618,1321,|,
20,150,1374,pees,
20,439,1374,|,
20,450,1378,sec,
20,2579,1374,dacs,
20,2921,1374,[aPc.3PC,3c
20,3099,1374,|,
20,150,1430,|,
20,242,1430,cee,
20,450,1434,|,
20,1841,1430,fercsrc_forcispc_fepcspc,fercsrc_forcispc_fepcspc
20,2454,1430,|,
20,2618,1434,|,
20,2855,1434,|,
20,150,1487,|,
20,248,1491,ses,
20,419,1487,|,
20,450,1491,Tapco,tapco
20,1354,1487,||,
20,154,1547,a,
20,154,1604,A,
20,450,1583,1c,
20,2841,1579,IO,
20,154,1660,A,
20,749,1639,GO,
20,2074,1635,0207207,
20,150,1713,|,
20,242,1713,eso,
20,446,1713,|,
20,604,1713,CTC,
20,900,1713,Cdscizpc_fapcspc,cdscizpc_fapcspc
20,1354,1713,|,
20,1493,1717,|,
20,1743,1717,|,
20,2315,1713,scr,
20,150,1769,|,
20,248,1769,coo,
20,446,1769,|,
20,597,1769,CT,
20,907,1769,Cfarcyapcfapcapc,cfarcyapcfapcapc
20,1348,1769,|,
20,1361,1773,Tac,
20,150,1826,|,
20,248,1826,sot,
20,433,1826,|,
20,450,1830,rer,
20,2710,1826,forcisrc,forcisrc
20,2915,1826,|,
20,150,1882,|,
20,248,1882,coz,
20,433,1882,|,
20,450,1886,arcs,arcs
20,2046,1882,farcispc_fapcspc,farcispc_fapcspc
20,2454,1882,|,
20,2618,1882,||,
20,150,1939,|,
20,242,1939,603,
20,439,1939,fspcapc,fspcapc
20,696,1939,|,
20,867,1943,|,
20,1091,1939,cape,
20,1354,1939,|,
20,1361,1943,Ef,
20,150,1995,|,
20,248,1995,coe,
20,433,1995,|,
20,1032,1995,force,force
20,1809,1995,|,
20,2059,1995,rcispc_fepcspc,rcispc_fepcspc
20,2460,1995,|,
20,2618,1999,|,
20,2849,1999,|,
20,150,2052,pees,
20,450,2056,|,
20,2052,2052,srcszrc,srcszrc
20,2487,2052,82,
20,2915,2052,[BP,
20,2980,2052,C2PC,2c
20,150,2108,|,
20,248,2108,coe,
20,413,2108,|,
20,604,2108,CT,
20,847,2108,idzrcszpcfapcspc,idzrcszpcfapcspc
20,1341,2108,|,
20,1565,2108,fapcapc,fapcapc
20,1815,2108,|,
20,1986,2112,|,
20,150,2165,|,
20,248,2165,com,
20,446,2165,|,
20,597,2165,CT,
20,854,2165,Cdscwprs,
20,1146,2169,||,
20,150,2221,|,
20,248,2221,eee,
20,433,2221,|,
20,1065,2221,certs,
20,1841,2221,farcepts,farcepts
20,2059,2221,|,
20,2184,2225,|,
20,2447,2221,dacopts,
20,2697,2221,|,
20,2849,2225,|,
20,150,2278,|,
20,242,2278,soo,
20,433,2278,|,
20,597,2278,CT,
20,999,2278,csp,
20,1341,2278,|,
20,1558,2278,fapcspc,fapcspc
20,1802,2278,fapcsspc,fapcsspc
20,2052,2278,|,
20,2184,2282,|,
20,2388,2282,|,
20,2618,2282,|,
20,150,2334,|,
20,255,2334,oo,
20,433,2334,TC,
20,1078,2334,drip,
20,1565,2334,fapcapcarcarc,fapcapcarcarc
20,2052,2334,|,
20,2184,2338,|,
20,2388,2338,|,
20,2599,2334,CT,
21,152,104,Camp,
21,259,104,Mather,
21,380,104,2026,
21,470,104,Waiting,
21,604,104,List,
21,153,217,Find,
21,228,213,your,
21,306,213,waiting,
21,433,217,list,
21,490,217,number.,
21,634,217,Count,
21,743,217,number,
21,877,217,of,
21,916,217,families,
21,1054,217,above,
21,1158,223,you,
21,1227,217,requesting,
21,1406,223,same,
21,1502,217,week(s),
21,1639,217,/,
21,1660,217,cabin,
21,1758,217,size(s).,
21,188,370,Waiting,
21,334,370,List#,
21,458,374,May31-June3,
21,755,374,June3-6,
21,946,374,June7-13,
21,1152,374,June14-20,
21,1367,374,June21-27,
21,1582,374,June28-July4,
21,1860,374,July5-11,
21,2066,374,July12-18,
21,2266,374,July19-25,
21,2472,374,July,
21,2549,374,26-Aug1,
21,2728,370,Aug,
21,2796,374,2-8,
21,2934,370,Aug,
21,3005,374,9-15,
21,150,413,pon,
21,450,417,fcr,
21,2921,413,[CaP,
21,3059,413,C,
21,3092,413,|,
21,150,470,|,
21,255,470,oz,
21,446,470,|,
21,597,470,CT,
21,847,474,Cc,
21,1144,470,spcapc,spcapc
21,1348,470,|,
21,1493,474,|,
21,1723,470,scape,
21,2052,470,|,
21,2184,474,|,
21,2388,474,|,
21,2592,470,CE,
21,150,526,pos,
21,450,530,|,
21,2046,526,frc2PC_fapcapc,2c
21,2454,526,jarcaec,jarcaec
21,2684,526,|,
21,2849,526,|,
21,150,583,|,
21,255,583,oa,
21,446,583,|,
21,597,587,CT,
21,1130,583,ercspc,ercspc
21,1348,583,|,
21,1493,583,TCE,
21,2019,583,sCcsPC_fopcispc,sccspc_fopcispc
21,2460,583,|,
21,2618,587,|,
21,2849,587,|,
21,150,639,|,
21,242,639,7s,
21,406,639,|,
21,597,639,CT,
21,847,639,Crisp,
21,1130,639,fopcspc,fopcspc
21,1341,639,|,
21,1558,639,fepcspc,fepcspc
21,1815,639,|,
21,1980,643,|,
21,150,696,poe,
21,446,696,|,
21,450,700,hor,
21,2776,696,C.ahC,
21,2901,696,[oP,
21,2980,696,C.APC,c.apc
21,3092,696,|,
21,150,752,|,
21,248,752,vom,
21,433,752,|,
21,597,752,CT,
21,854,752,isrcsrc,isrcsrc
21,1146,752,||,
21,1940,752,scr,
21,2710,752,fzrcerc,fzrcerc
21,2915,752,||,
21,150,809,|,
21,255,809,os,
21,446,809,|,
21,604,809,CidTC,
21,795,809,CCP,
21,986,809,ts.zhC,
21,1130,809,[optssec,
21,1348,809,|,
21,1558,809,feptsspc_,feptsspc_
21,1822,809,|,
21,1980,813,|,
21,2289,813,|,
21,150,865,|,
21,255,865,oo,
21,439,865,|,
21,597,865,CTT,
21,1071,865,score,
21,1354,865,opcorpc,opcorpc
21,1565,865,|,
21,1736,869,|,
21,1986,869,|,
21,2289,865,score,
21,2723,869,||,
21,150,922,|,
21,255,922,tof,
21,617,922,Cidscsgpc,cidscsgpc
21,940,926,|,
21,1146,926,83h,
21,2921,922,[BP,
21,2980,922,C.BPC,c.bpc
21,3099,922,|,
21,150,978,pat,
21,450,982,Parez,
21,2717,978,fac,
21,2921,978,[aPc.3PC,3c
21,3092,978,|,
21,154,1039,2,
21,755,1039,GG,
21,1150,1039,GG,
21,1861,1039,OS,
21,2065,1035,GO,
21,2368,1039,GO,
21,2730,1035,Coo,
21,150,1091,pois,
21,439,1091,|,
21,1032,1091,force,force
21,1841,1091,forcrarc,forcrarc
21,2052,1091,|,
21,2190,1091,||,
21,2737,1091,PCP,pcp
21,150,1148,pa,
21,433,1148,|,
21,450,1152,sesh,
21,2710,1148,forC5PC__[ePC5PC,5c
21,3092,1148,|,
21,150,1204,|,
21,248,1204,vis,
21,406,1204,|,
21,624,1204,sdrcapc,sdrcapc
21,913,1204,_|epciapc,_|epciapc
21,1124,1204,fepcapc,fepcapc
21,1348,1204,|,
21,1493,1208,|,
21,1743,1204,||,
21,150,1261,pie,
21,419,1261,|,
21,1065,1261,csc,
21,1841,1261,fapcsrc_|apcspc,fapcsrc_|apcspc
21,2256,1261,|,
21,2388,1265,|,
21,2618,1265,|,
21,2849,1265,TC,
21,150,1317,po,
21,255,1317,mi7,
21,426,1317,|,
21,450,1321,arcsec,arcsec
21,2046,1317,fapcizpc,fapcizpc
21,2250,1317,|,
21,2454,1317,dapc.sec,dapc.sec
21,2697,1317,|,
21,2849,1317,|,
21,150,1374,|,
21,242,1374,7s,
21,413,1374,|,
21,604,1374,CT,
21,782,1374,Cs,
21,966,1374,esepts,
21,1137,1374,[optseprs,
21,1361,1374,|,
21,1499,1378,|,
21,1716,1374,CE,
21,1986,1378,|,
21,150,1430,|,
21,248,1430,vio,
21,426,1430,|,
21,604,1430,CT,
21,907,1430,ircyapcfopcapc,ircyapcfopcapc
21,1354,1430,|,
21,1361,1434,TTT,
21,150,1487,|,
21,242,1487,720,
21,446,1487,|,
21,604,1487,Cds,
21,926,1487,|,
21,1130,1487,fapcapc,fapcapc
21,1361,1487,||,
21,2039,1487,fcr,
21,2717,1487,|,
21,150,1543,pat,
21,450,1547,|,
21,2052,1543,orcisrc_fopcspc,orcisrc_fopcspc
21,2460,1543,||,
21,150,1600,RE,
21,288,1604,22,
21,946,1600,C00,
21,1150,1604,DG,
21,1960,1600,"C01,",
21,2368,1604,GO,
21,2730,1600,C710,
21,150,1656,|,
21,242,1656,7s,
21,597,1656,CT,
21,847,1656,Cerrar,
21,1144,1656,opcapc,opcapc
21,1348,1656,|,
21,1361,1660,TT,
21,150,1713,|,
21,242,1713,72a,
21,446,1713,|,
21,597,1713,CT,
21,847,1713,Css,
21,1130,1713,fepcspc,fepcspc
21,1348,1713,|,
21,1558,1713,fepcspc,fepcspc
21,1815,1713,|,
21,1986,1717,|,
21,2289,1717,|,
21,150,1769,pos,
21,450,1773,|,
21,749,1773,scr,
21,2717,1769,fsrc3PC_[8PC.3PC,3c
21,3099,1769,|,
21,150,1826,pe,
21,749,1830,freeze,
21,2710,1826,fercszrc,fercszrc
21,2915,1826,|,
21,154,1882,22,
21,604,1886,GO,
21,966,1886,0G,
21,1861,1886,GS,
21,2065,1882,(CO,
21,2473,1882,OO,
21,2730,1886,(,
21,150,1939,|,
21,268,1939,eT,
21,597,1939,CT,
21,972,1939,sche,
21,1361,1943,|,
21,1716,1939,Csdtscwpc,csdtscwpc
21,2060,1943,|||,
21,150,1995,po,
21,450,1999,|,
21,749,1999,force,force
21,2691,1995,|,
21,150,2052,|,
21,261,2052,sof],
21,597,2056,CT,
21,1130,2052,ercspc,ercspc
21,1361,2056,|,
21,2190,2052,scr,
21,2717,2052,orcisrc,orcisrc
21,2929,2056,|,
21,150,2108,|,
21,242,2108,7st,
21,433,2108,|,
21,604,2108,CT,
21,854,2108,irc,irc
21,1130,2108,fopcspc,fopcspc
21,1341,2108,|,
21,1558,2108,fepcspc,fepcspc
21,1815,2108,|,
21,1986,2112,|,
21,150,2165,ps2,
21,450,2169,|,
21,2473,2165,srcerc,srcerc
21,2678,2165,fsrccrc,fsrccrc
21,2915,2165,|,
21,150,2221,pes,
21,439,2221,|,
21,450,2225,rcs,rcs
21,2710,2221,fercsrc__[ePc.5PC,5c
21,3099,2221,|,
21,150,2278,|,
21,255,2278,sa,
21,446,2278,|,
21,597,2278,CT,
21,1078,2278,fares,
21,1565,2278,fapcsspc,fapcsspc
21,1802,2278,fapcsspc,fapcsspc
21,2052,2278,|,
21,2184,2282,|,
21,2388,2282,|,
21,2618,2282,|,
21,150,2334,|,
21,242,2334,735,
21,439,2334,fapcspc,fapcspc
21,696,2334,|,
21,867,2338,|,
21,1144,2334,pczpc,pczpc
21,1341,2334,|,
21,1565,2334,spcgpc,spcgpc
21,1815,2334,|,
21,1986,2338,|,
22,152,104,Camp,
22,259,104,Mather,
22,380,104,2026,
22,470,104,Waiting,
22,604,104,List,
22,153,217,Find,
22,228,213,your,
22,306,213,waiting,
22,433,217,list,
22,490,217,number.,
22,634,217,Count,
22,743,217,number,
22,877,217,of,
22,916,217,families,
22,1054,217,above,
22,1158,223,you,
22,1227,217,requesting,
22,1406,223,same,
22,1502,217,week(s),
22,1639,217,/,
22,1660,217,cabin,
22,1758,217,size(s).,
22,188,370,Waiting,
22,334,370,List#,
22,458,374,May31-June3,
22,755,374,June3-6,
22,946,374,June7-13,
22,1152,374,June14-20,
22,1367,374,June21-27,
22,1582,374,June28-July4,
22,1860,374,July5-11,
22,2066,374,July12-18,
22,2266,374,July19-25,
22,2472,374,July,
22,2549,374,26-Aug1,
22,2728,370,Aug,
22,2796,374,2-8,
22,2934,370,Aug,
22,3005,374,9-15,
22,154,417,GG,
22,1150,413,CO,
22,1822,417,(OO,
22,150,470,|,
22,255,470,sz,
22,446,470,|,
22,604,470,CT,
22,841,470,CT,
22,1065,470,seh,
22,1341,470,|opciepc,|opciepc
22,1558,470,[secre,
22,1822,470,|,
22,1980,474,|,
22,2190,470,ET,
22,2618,474,|,
22,154,526,ef,
22,622,526,jf,
22,876,526,|__|,
22,1200,526,__|___leerspc,__|___leerspc
22,1812,526,|__|,
22,2127,526,"_{__|eers.ep¢__lerrs,epc","_{__|eers.ep¢__lerrs,epc"
22,2923,526,|_|,
22,450,587,|,
22,804,583,_arc.ape_farcare,_arc.ape_farcare
22,1347,583,|,
22,1417,583,__larc.ap@,__larc.ap@
22,1854,583,fff,
22,446,639,"spc,apc_|apc.apc_|apc.apc","spc,apc_|apc.apc_|apc.apc"
22,1137,639,|,
22,1282,643,|,
22,1499,639,EE,
22,450,657,a,
22,1584,657,a,
22,450,756,porch,porch
22,1354,752,|,
22,446,809,|,
22,630,813,|,
22,854,809,Cdsrciszpcfapcsec,cdsrciszpcfapcsec
22,1354,809,|,
22,1492,813,|,
22,1716,809,CE,
22,1986,813,|,
22,446,865,po,
22,1565,865,farce,farce
22,1841,865,farcsrc_|apcspc,farcsrc_|apcspc
22,2249,865,[|,
22,2388,869,|,
22,2618,869,|,
22,446,922,|,
22,604,922,CCT,
22,788,922,CCdcepts,
22,1130,922,[apcepts,[apcepts
22,1347,922,|,
22,1565,922,"fapcepts,","fapcepts,"
22,1789,922,=|,
22,1986,926,|,
22,2190,922,ET,
22,450,982,po,
22,2309,978,arch,arch
22,2921,978,far,
22,2980,978,cP,
22,745,1035,|,
22,876,1039,TC,
22,1113,1035,ifptssepc,ifptssepc
22,1350,1035,|,
22,1554,1035,|eprsepc,|eprsepc
22,1818,1035,{|,
22,1989,1039,|,
22,2186,1039,|,
22,2364,1039,CC,
22,446,1091,|,
22,630,1091,score,
22,940,1095,|,
22,446,1148,Po,
22,940,1152,aca,
22,3099,1148,|,
22,446,1204,po,
22,1848,1204,rcs,rcs
22,2453,1204,fercsrc_,fercsrc_
22,2710,1204,fercisrpc,fercisrpc
22,2921,1204,[||,
22,446,1261,|,
22,630,1265,|,
22,847,1261,Crisp,
22,1130,1261,fepcspc,fepcspc
22,1341,1261,|,
22,1558,1261,fepcspc,fepcspc
22,1815,1261,|,
22,1986,1265,|,
22,2190,1261,ET,
22,446,1317,|,
22,650,1317,idarcspc_japcispc,idarcspc_japcispc
22,1137,1317,|,
22,1275,1321,|,
22,1361,1321,Tf,
22,446,1374,|,
22,940,1378,po,
22,2456,1374,ohczpcerciarc,ohczpcerciarc
22,2917,1374,ferciarc,ferciarc
22,3088,1374,|,
22,446,1430,|,
22,936,1430,po,
22,1146,1434,frp,
22,2713,1430,[cP,
22,2917,1430,[Pca,[pca
22,3055,1430,C,
22,3088,1430,|,
22,446,1487,|,
22,940,1491,pT,
22,2252,1487,srtssspts,
22,446,1543,|,
22,936,1543,po,
22,1146,1547,fc,
22,2917,1543,[orcs,[orcs
22,3095,1543,|,
22,446,1600,|,
22,940,1604,pT,
22,1765,1600,cer,
22,2246,1600,|spcicpc,|spcicpc
22,2443,1600,fspcepc,fspcepc
22,2693,1600,|,
22,2845,1604,|,
22,446,1656,|,
22,936,1656,epciepc_|epcerc,epciepc_|epcerc
22,1350,1656,|,
22,1495,1660,|,
22,1719,1656,CT,
22,446,1713,|,
22,656,1713,CidsPCapc,cidspcapc
22,926,1713,|apc.apc_[apcapc,|apc.apc_[apcapc
22,1347,1713,|,
22,1492,1717,|,
22,1742,1717,|,
22,1986,1717,|,
22,446,1769,po,
22,1189,1769,arcsec,arcsec
22,1841,1769,farcsrc_|apcspc,farcsrc_|apcspc
22,2249,1769,[|,
22,2388,1773,|,
22,2618,1773,|,
22,446,1826,po,
22,1742,1826,rcs,rcs
22,2453,1826,fercsrc,fercsrc
22,2723,1826,orcisrpc,orcisrpc
22,2929,1830,|,
22,450,1886,pT,
22,1137,1882,spcorc,spcorc
22,1361,1886,|,
22,1723,1882,sscorc,sscorc
22,2052,1882,|,
22,2190,1882,||,
22,450,1939,|_|,
22,988,1939,__ercispc,__ercispc
22,1347,1939,[|,
22,1408,1939,__lorcispe,__lorcispe
22,1758,1939,"__forc,spe","__forc,spe"
22,2060,1939,ff,
22,2388,1939,fT,
22,446,1995,spcapc|apcapc,spcapc|apcapc
22,933,1995,|,
22,1064,1999,|,
22,1275,1999,|,
22,450,2013,a,
22,154,2069,Se,
22,465,2112,a,
22,871,2112,01,
22,1186,2112,1,
22,150,2165,|,
22,248,2165,vem,
22,446,2165,|,
22,604,2165,CidTCCd,
22,953,2165,PPC,ppc
22,1130,2165,fapciepc,fapciepc
22,1341,2165,|,
22,1558,2165,fapciepc,fapciepc
22,1815,2165,|,
22,1986,2169,|,
22,2060,2169,ET,
22,150,2221,|,
22,242,2221,ves,
22,439,2221,|,
22,617,2221,CdPCaPC,cdpcapc
22,926,2221,|apciapc_[spcapc,|apciapc_[spcapc
22,1348,2221,|,
22,1493,2225,|,
22,1576,2225,||,
22,150,2278,|,
22,248,2278,veo,
22,439,2278,|,
22,450,2282,CT,
22,1565,2278,ertserts,
22,1822,2278,||,
22,2266,2295,ifetserts,
22,2466,2282,|opts.cpts,
22,2704,2278,|,
22,2849,2282,|,
22,150,2334,|,
22,154,2338,oT,
22,1835,2334,frcerc_forcierc_fepcepc,frcerc_forcierc_fepcepc
22,2460,2334,|,
22,2618,2334,|,
22,2829,2334,CT,
23,152,104,Camp,
23,259,104,Mather,
23,380,104,2026,
23,470,104,Waiting,
23,604,104,List,
23,153,217,Find,
23,228,213,your,
23,306,213,waiting,
23,433,217,list,
23,490,217,number.,
23,634,217,Count,
23,743,217,number,
23,877,217,of,
23,916,217,families,
23,1054,217,above,
23,1158,223,you,
23,1227,217,requesting,
23,1406,223,same,
23,1502,217,week(s),
23,1639,217,/,
23,1660,217,cabin,
23,1758,217,size(s).,
23,188,370,Waiting,
23,334,370,List#,
23,458,374,May31-June3,
23,755,374,June3-6,
23,946,374,June7-13,
23,1152,374,June14-20,
23,1367,374,June21-27,
23,1582,374,June28-July4,
23,1860,374,July5-11,
23,2066,374,July12-18,
23,2266,374,July19-25,
23,2472,374,July,
23,2549,374,26-Aug1,
23,2728,370,Aug,
23,2796,374,2-8,
23,2934,370,Aug,
23,3005,374,9-15,
23,150,413,pot,
23,604,417,CT,
23,1124,413,fsrczpc,fsrczpc
23,1348,413,|,
23,1558,413,fapcapcfapc.zec_,fapcapcfapc.zec_
23,2046,413,|,
23,2190,417,|,
23,2388,417,|,
23,2618,417,|,
23,150,470,pa,
23,450,474,|,
23,749,474,eros,
23,2855,470,C_[ePC6PC,6c
23,3092,470,|,
23,150,526,pom,
23,450,530,fares,
23,2921,526,far,
23,2980,526,cc,
23,450,583,pT,
23,1183,583,fers,
23,1808,587,|,
23,1999,583,pcre,pcre
23,2260,583,||,
23,2598,583,sf,
23,2730,583,sccrc,sccrc
23,2929,587,|,
23,446,639,|,
23,650,639,isrcsspec,isrcsspec
23,940,643,|,
23,1275,643,|,
23,2401,639,fs,
23,446,696,|,
23,630,700,|,
23,854,696,ifpcispc,ifpcispc
23,1146,700,||,
23,2105,696,cere,
23,2453,696,farcorc,farcorc
23,2723,700,||,
23,446,752,spcapc,spcapc
23,689,752,"|arc,apc_|apcapc","|arc,apc_|apcapc"
23,1137,752,|,
23,1275,756,|,
23,1492,752,EE,
23,446,809,|,
23,630,813,|,
23,847,809,Cacia,
23,1130,809,fapcapc,fapcapc
23,1347,809,|apcapc,|apcapc
23,1565,809,|,
23,1742,813,ET,
23,446,865,Pp,
23,630,869,|,
23,854,865,idarcszpc,idarcszpc
23,1130,865,fapcsec,fapcsec
23,1354,865,|,
23,1492,869,|,
23,2019,865,CdPcszpc,cdpcszpc
23,2260,869,|||,
23,446,922,|,
23,656,922,idpcapc,idpcapc
23,926,922,fapcapc,fapcapc
23,1137,922,|,
23,1275,926,|,
23,1361,926,Ef,
23,446,978,Pp,
23,630,982,|,
23,926,978,srcsszpc,srcsszpc
23,1124,978,fspcsec,fspcsec
23,1354,978,|,
23,1492,982,|,
23,2328,978,rcs,rcs
23,446,1035,|,
23,630,1039,|,
23,847,1035,Cds,
23,1124,1035,fapcspc,fapcspc
23,1354,1035,|,
23,1492,1039,|,
23,1742,1039,|,
23,1986,1039,|,
23,2170,1035,sss,
23,2466,1039,||,
23,446,1091,|,
23,650,1091,idarcsspc,idarcsspc
23,933,1091,|,
23,1064,1091,TT,
23,1473,1091,Cif,
23,1841,1091,fapcsspc,fapcsspc
23,2052,1091,|,
23,2190,1091,||,
23,2618,1095,|,
23,450,1152,po,
23,2052,1148,orczhc_fercarc,orczhc_fercarc
23,2460,1148,opcapc,opcapc
23,2690,1148,|,
23,2848,1148,|,
23,446,1204,|,
23,604,1204,CT,
23,847,1204,Cdr,
23,1137,1204,[apcapc,[apcapc
23,1341,1204,|,
23,1565,1204,fapcapc,fapcapc
23,1815,1204,|,
23,1986,1208,|,
23,446,1261,po,
23,1749,1261,tse,
23,2401,1261,ts,
23,2453,1261,|ores.crts,
23,2710,1261,[orts.cpts,
23,2927,1261,|,
23,3033,1265,|,
23,446,1317,po,
23,749,1321,cere,
23,2881,1317,_[SPC.PC,_[spc.pc
23,3099,1317,|,
23,446,1374,Pp,
23,636,1374,TT,
23,1064,1374,ers,
23,1347,1374,|,
23,1611,1374,CEC,
23,2230,1374,_fopcipc,_fopcipc
23,2460,1374,|,
23,2618,1378,|,
23,2855,1378,TC,
23,446,1430,|,
23,650,1430,CidaPcerc_|apciepc_[apcepc,cidapcerc_|apciepc_[apcepc
23,1347,1430,|,
23,1492,1434,|,
23,1716,1430,CE,
23,1986,1434,|,
23,450,1491,ee,
23,446,1543,|,
23,1142,1543,|,
23,446,1600,spcapc,spcapc
23,683,1604,|spc.aPc_|spc.apc,|spc.apc_|spc.apc
23,1130,1600,|,
23,450,1660,|,
23,722,1660,"*d8PC,aPC_|3PC.4PC__|3PC.APC",8c
23,1321,1656,|,
23,446,1713,Pp,
23,1038,1713,ferro,
23,2098,1713,isc,
23,446,1769,po,
23,749,1773,tse,
23,2401,1769,ts,
23,2453,1769,|ortscrts,
23,2710,1769,lerts.epts,
23,2927,1769,||,
23,150,1826,poe,
23,413,1826,|,
23,450,1830,scape,
23,2052,1826,spccapc,spccapc
23,2256,1830,|||,
23,150,1882,pom,
23,433,1882,|,
23,1177,1882,force,force
23,2060,1886,|,
23,150,1939,|,
23,255,1939,oe,
23,597,1939,CT,
23,874,1939,Torch,torch
23,1348,1939,|,
23,1552,1939,fercsec,fercsec
23,1809,1939,|,
23,1980,1943,|,
23,2230,1939,sfscspc,sfscspc
23,2466,1939,||,
23,2822,1943,CT,
23,150,1995,po,
23,450,1999,Tce,
23,1841,1995,farpczrc,farpczrc
23,2052,1995,|,
23,2184,1995,|,
23,2447,1995,fapcgzpc,fapcgzpc
23,2691,1995,|,
23,2849,1995,|,
23,150,2052,|,
23,242,2052,soo,
23,446,2052,|,
23,597,2052,CT,
23,847,2052,CT,
23,1091,2052,csc,
23,1348,2052,|,
23,1486,2052,"face,",
23,1815,2052,|,
23,1986,2056,|,
23,2710,2052,CCPC,ccpc
23,150,2108,son,
23,433,2108,|,
23,1032,2108,face,
23,1841,2108,farczrc_|apcsec,farczrc_|apcsec
23,2256,2108,|,
23,2388,2112,|,
23,2618,2112,|,
23,150,2165,|,
23,242,2165,soz,
23,446,2165,|,
23,610,2165,Csdtscsspc,csdtscsspc
23,940,2165,||,
23,1282,2169,|,
23,2322,2165,res,
23,150,2221,|,
23,242,2221,sos,
23,446,2221,|,
23,597,2221,CT,
23,847,2221,Crisco,
23,1130,2221,fopcspc,fopcspc
23,1348,2221,|,
23,1493,2225,|,
23,1743,2225,|,
23,1986,2225,|,
23,2427,2221,rcs,rcs
23,150,2278,|,
23,242,2278,soa,
23,450,2282,|,
23,1315,2278,crc,crc
23,1854,2282,fC,
23,154,2338,a,
23,755,2338,GG,
23,1170,2334,00,
23,1361,2338,GG,
23,2269,2334,OG,
23,2730,2334,(,
24,152,104,Camp,
24,259,104,Mather,
24,380,104,2026,
24,470,104,Waiting,
24,604,104,List,
24,153,217,Find,
24,228,213,your,
24,306,213,waiting,
24,433,217,list,
24,490,217,number.,
24,634,217,Count,
24,743,217,number,
24,877,217,of,
24,916,217,families,
24,1054,217,above,
24,1158,223,you,
24,1227,217,requesting,
24,1406,223,same,
24,1502,217,week(s),
24,1639,217,/,
24,1660,217,cabin,
24,1758,217,size(s).,
24,188,370,Waiting,
24,334,370,List#,
24,458,374,May31-June3,
24,755,374,June3-6,
24,946,374,June7-13,
24,1152,374,June14-20,
24,1367,374,June21-27,
24,1582,374,June28-July4,
24,1860,374,July5-11,
24,2066,374,July12-18,
24,2266,374,July19-25,
24,2472,374,July,
24,2549,374,26-Aug1,
24,2728,370,Aug,
24,2796,374,2-8,
24,2934,370,Aug,
24,3005,374,9-15,
24,150,413,|,
24,242,413,806,
24,439,413,fapcapc,fapcapc
24,696,413,|,
24,867,417,|,
24,1499,413,scp,
24,2052,413,apczpc,apczpc
24,2256,413,|,
24,2381,417,|,
24,2618,417,|,
24,150,470,|,
24,242,470,som,
24,446,470,|,
24,604,470,CT,
24,867,470,sparc,sparc
24,1146,474,P|,
24,2342,470,CPC,cpc
24,2921,470,[8PC.APC,8c
24,3092,470,|,
24,150,526,|,
24,242,526,sos,
24,446,526,|,
24,450,530,Cf,
24,1565,526,fopczpcerc.zec_|,fopczpcerc.zec_|
24,2190,526,|,
24,2388,526,|,
24,2618,526,|,
24,150,583,|,
24,242,583,soo,
24,446,583,|,
24,597,583,CT,
24,907,583,ispcrapc,ispcrapc
24,1146,587,||,
24,2342,583,ChCP,
24,2980,583,C.APC,c.apc
24,150,639,|,
24,242,639,sto,
24,419,639,|,
24,597,639,CCT,
24,847,643,Cc,
24,1144,639,spcepc,spcepc
24,1348,639,|,
24,1493,643,|,
24,1723,639,Cdcopc,cdcopc
24,2039,639,(|,
24,2184,643,|,
24,2388,643,|,
24,150,696,peat,
24,450,700,|,
24,2046,696,orcsshc,orcsshc
24,2243,696,forcrerc,forcrerc
24,2460,696,|,
24,2625,696,TT,
24,150,752,Re,
24,755,756,GG,
24,1150,752,CG,
24,1723,752,GQ,
24,2368,756,(OO,
24,2928,752,(220mm,
24,150,809,|,
24,242,809,sts,
24,446,809,|,
24,1051,809,rcs,rcs
24,1841,809,forcsrc_|epcspc,forcsrc_|epcspc
24,2256,809,|,
24,2388,813,|,
24,2618,813,|,
24,2855,813,|,
24,150,865,peta,
24,433,865,|,
24,597,865,CT,
24,854,865,ipcigzpc,ipcigzpc
24,1137,865,|,
24,1282,869,|,
24,2046,865,scszhc,
24,2250,865,|,
24,2454,865,fsrc.zrec,fsrc.zrec
24,2691,865,|,
24,2855,869,|,
24,150,922,|,
24,242,926,sts,
24,413,922,|,
24,617,922,sidaapC,sidaapc
24,920,922,Japciapcfapcapc,japciapcfapcapc
24,1348,922,|,
24,1493,926,|,
24,1743,926,|,
24,1986,926,|,
24,154,982,is,
24,368,978,__{,
24,500,978,"_|__|__|errsape_|__Jerrs,ape__fertsape",
24,2060,978,ff,
24,2390,982,fT,
24,150,1035,|,
24,275,1035,"8t7_fapcspc_f2PC,3PC_|",2c
24,1146,1039,a,
24,1444,1035,ee,
24,450,1074,|,
24,936,1035,|,
24,2260,1039,a,
24,2572,1035,ee,
24,2802,1035,ee,
24,3006,1035,ee,
24,749,1052,a,
24,1161,1095,a,
24,1375,1095,a,
24,2158,1095,SSO,
24,745,1148,|,
24,850,1148,sifertserts,
24,1133,1148,"|epts,epts",
24,1357,1148,|,
24,1495,1152,|,
24,749,1208,pT,
24,1561,1204,orciapc,orciapc
24,1804,1204,|,
24,2041,1204,fepcapc,fepcapc
24,2260,1204,||,
24,2726,1204,pcapc,pcapc
24,2929,1208,|,
24,749,1265,a,
24,749,1321,Pe,
24,1146,1261,pT,
24,1361,1265,rch,rch
24,2708,1261,|5PC6PC__[5PC.EPC,5c
24,3090,1261,|,
24,940,1321,pT,
24,1489,1321,|,
24,1837,1317,etsepts,
24,2048,1317,|,
24,2180,1321,|,
24,2450,1317,etsyepts,
24,2706,1317,[eprseprs,
24,2924,1317,|,
24,3029,1321,|,
24,745,1374,}H___|,
24,1033,1374,_jercspe,_jercspe
24,1340,1374,|,
24,1453,1374,__farciape,__farciape
24,1854,1374,ff,
24,2188,1378,fT,
24,745,1430,po,
24,940,1434,PPC,ppc
24,2917,1430,[orca,[orca
24,3095,1430,|,
24,749,1491,a,
24,1226,1491,a,
24,1485,1491,a,
24,745,1543,spcapc,spcapc
24,929,1543,[apcapc,[apcapc
24,1126,1543,|spcarpc,|spcarpc
24,1350,1543,|,
24,1495,1547,|,
24,1745,1547,|,
24,749,1561,a,
24,749,1660,a,
24,1061,1660,a,
24,1552,1660,a,
24,749,1717,|,
24,935,1713,apcapc,apcapc
24,1146,1717,|||,
24,2357,1713,aPC,apc
24,2917,1713,fac,
24,3009,1713,ar,
24,3095,1713,|,
24,745,1769,po,
24,1146,1773,frac,
24,2713,1769,facapc,facapc
24,2917,1769,[apciapc,[apciapc
24,3088,1769,|,
24,745,1826,po,
24,1146,1830,fetes,
24,2706,1826,[ertserts,
24,2924,1826,||,
24,150,1882,po,
24,255,1886,saz,
24,450,1886,PPP,
24,2454,1882,|srcarc,|srcarc
24,2710,1882,|srcarc,|srcarc
24,2915,1882,||,
24,150,1939,|,
24,242,1939,sss,
24,446,1939,|,
24,597,1939,CT,
24,953,1939,Cash,
24,1348,1939,fapciepc,fapciepc
24,1565,1939,fapcerc,fapcerc
24,1815,1939,|,
24,1980,1943,|,
24,2289,1943,|,
24,150,1995,|,
24,242,1995,saa,
24,450,1999,|,
24,907,1995,Cscpc,cscpc
24,1137,1995,|,
24,1275,1999,|,
24,1618,1995,score,
24,2060,1999,||,
24,2724,1995,SPC,spc
24,3026,1995,PC,pc
24,150,2052,pss,
24,450,2056,|,
24,749,2056,ares,
24,2684,2052,arcsec,arcsec
24,150,2108,posse,
24,419,2108,|,
24,1065,2108,cap,
24,1848,2108,orpcrapc,orpcrapc
24,2052,2108,|,
24,2184,2108,||,
24,2658,2108,apc,apc
24,2929,2112,|,
24,150,2165,|,
24,242,2165,saz,
24,446,2165,|,
24,597,2165,CT,
24,841,2165,CT,
24,1065,2165,acs,
24,1348,2165,fapcizpc,fapcizpc
24,1558,2165,fapcsec,fapcsec
24,1809,2165,|,
24,1980,2169,|,
24,2190,2169,ET,
24,150,2221,pss,
24,419,2221,|,
24,450,2225,fcr,
24,2710,2221,fercsPC__[ePC.5PC,5c
24,3099,2221,|,
24,150,2278,|,
24,242,2278,sso,
24,446,2278,|,
24,597,2278,CT,
24,999,2278,cep,
24,1354,2278,|,
24,1486,2278,face,
24,1841,2278,fapciopc,fapciopc
24,2052,2278,|,
24,2184,2282,|,
24,2388,2282,|,
24,2618,2282,|,
24,150,2334,|,
24,242,2334,sao,
24,450,2338,TT,
24,1157,2334,capc,capc
24,1341,2334,|,
24,1565,2334,face,
24,1841,2334,dapcarc,dapcarc
24,2052,2334,|,
24,2184,2338,|,
24,2388,2338,|,
24,2618,2338,|,
25,152,104,Camp,
25,259,104,Mather,
25,380,104,2026,
25,470,104,Waiting,
25,604,104,List,
25,153,217,Find,
25,228,213,your,
25,306,213,waiting,
25,433,217,list,
25,490,217,number.,
25,634,217,Count,
25,743,217,number,
25,877,217,of,
25,916,217,families,
25,1054,217,above,
25,1158,223,you,
25,1227,217,requesting,
25,1406,223,same,
25,1502,217,week(s),
25,1639,217,/,
25,1660,217,cabin,
25,1758,217,size(s).,
25,188,370,Waiting,
25,334,370,List#,
25,458,374,May31-June3,
25,755,374,June3-6,
25,946,374,June7-13,
25,1152,374,June14-20,
25,1367,374,June21-27,
25,1582,374,June28-July4,
25,1860,374,July5-11,
25,2066,374,July12-18,
25,2266,374,July19-25,
25,2472,374,July,
25,2549,374,26-Aug1,
25,2728,370,Aug,
25,2796,374,2-8,
25,2934,370,Aug,
25,3005,374,9-15,
25,150,413,peat,
25,450,417,Trae,
25,2250,413,fapcapc,fapcapc
25,2447,413,fapcarc,fapcarc
25,2691,413,|,
25,2849,413,|,
25,154,470,22,
25,755,474,GO,
25,946,470,C00,
25,1367,474,Gn,
25,1947,470,SG,
25,2269,474,OG,
25,2730,470,GO,
25,150,526,|,
25,242,526,eas,
25,433,526,|,
25,597,526,CT,
25,847,530,Cc,
25,1144,526,apcapc,apcapc
25,1341,526,|,
25,1558,526,fapcapc,fapcapc
25,1815,526,|,
25,1986,530,|,
25,446,583,|,
25,745,583,|,
25,876,587,|,
25,1113,583,sfrcsspc,sfrcsspc
25,1344,583,|,
25,1561,583,epcispcepcspc,epcispcepcspc
25,2055,583,|,
25,2180,587,|,
25,2390,587,|,
25,150,639,|,
25,242,639,sas,
25,413,639,|,
25,617,639,idac5pc,5c
25,913,639,_|apcispc,_|apcispc
25,1137,639,|,
25,1275,643,|,
25,1558,639,fapcspc,fapcspc
25,1815,639,|,
25,1986,643,|,
25,150,696,|,
25,242,696,eae,
25,413,696,|,
25,450,700,Trapeze,
25,2256,696,||,
25,2618,696,|,
25,150,752,|,
25,242,752,saz,
25,433,752,|,
25,597,752,CT,
25,847,756,Cc,
25,1130,752,fapcapc,fapcapc
25,1354,752,|,
25,1361,756,EET,
25,150,809,peas,
25,450,813,Tesh,
25,2980,809,c5PC,5c
25,3099,809,|,
25,150,865,|,
25,242,865,sag,
25,446,865,|,
25,610,865,ide,
25,933,865,|,
25,1124,865,fspcepc,fspcepc
25,1354,865,|,
25,1499,869,|,
25,2434,865,PCP,pcp
25,150,922,|,
25,242,922,sso,
25,446,922,|,
25,597,922,CT,
25,907,922,Cdspcrapc,cdspcrapc
25,1146,926,||,
25,1822,922,sdscpc,sdscpc
25,2060,926,||,
25,2737,922,PC,pc
25,3013,922,APC,apc
25,150,978,pst,
25,426,978,|,
25,1045,978,aap,
25,1841,978,farcarc_|apcapc,farcarc_|apcapc
25,2256,978,|,
25,2388,978,||,
25,150,1035,|,
25,242,1035,ssa,
25,446,1035,|,
25,604,1035,CT,
25,782,1035,Cs,
25,986,1035,isepts,
25,1137,1035,"[eprs,eprs",
25,1348,1035,|epts.epts,
25,1572,1035,|,
25,1743,1039,|,
25,1980,1039,|,
25,2111,1035,CE,
25,2388,1039,|,
25,2618,1039,|,
25,150,1091,pss,
25,450,1095,|,
25,1572,1091,apcgpcfarczrc,apcgpcfarczrc
25,2052,1091,|,
25,2177,1095,|,
25,2447,1091,dapcgzec,dapcgzec
25,2691,1091,|,
25,2849,1095,|,
25,150,1148,psa,
25,1394,1148,scape,
25,1914,1148,Tac,
25,2342,1148,apC,apc
25,2454,1148,fapcapc,fapcapc
25,2723,1152,||,
25,150,1204,|,
25,242,1204,sss,
25,406,1204,|,
25,617,1204,sderc3rpc_|erc.arc_[epcsec,sderc3rpc_|erc.arc_[epcsec
25,1348,1204,|,
25,1493,1208,|,
25,1716,1204,CT,
25,1986,1208,|,
25,150,1261,|,
25,242,1261,sss,
25,413,1261,|,
25,604,1261,CT,
25,907,1261,CdCapcfapcapc,cdcapcfapcapc
25,1341,1261,|,
25,1565,1261,fapcapc,fapcapc
25,1815,1261,|,
25,1986,1265,|,
25,2296,1265,TC,
25,150,1317,|,
25,242,1317,sez,
25,446,1317,|,
25,604,1317,CT,
25,907,1317,Cfsrcpc,cfsrcpc
25,1137,1317,|,
25,1341,1317,fepcsrc,fepcsrc
25,1565,1317,|,
25,1736,1317,||,
25,2533,1317,PPC,ppc
25,154,1378,a,
25,755,1378,GG,
25,1150,1378,GO,
25,1953,1374,D(C,
25,2302,1374,co),
25,2375,1374,co,
25,150,1430,|,
25,242,1430,sso,
25,413,1430,|,
25,597,1434,CT,
25,1124,1430,fpcapc,fpcapc
25,1348,1430,farcarpc,farcarpc
25,1576,1430,||,
25,1986,1434,|,
25,150,1487,|,
25,242,1487,seo,
25,446,1487,|,
25,604,1487,CT,
25,847,1487,CT,
25,1045,1487,Cech,
25,1354,1487,opcispc,opcispc
25,1558,1487,fepcerc,fepcerc
25,1822,1487,|,
25,1980,1491,|,
25,2289,1491,|,
25,150,1543,|,
25,242,1543,set,
25,419,1543,|,
25,1045,1543,score,
25,1854,1547,||,
25,2454,1543,scorcsrcierc,scorcsrcierc
25,2915,1543,||,
25,150,1600,|,
25,242,1600,sez,
25,439,1600,|,
25,450,1604,fcc,
25,1841,1600,fopcrapc,fopcrapc
25,2052,1600,|,
25,2190,1600,||,
25,150,1656,poses,
25,450,1660,|,
25,1848,1656,orczrc,orczrc
25,2052,1656,|,
25,2408,1656,frig,
25,150,1713,|,
25,242,1713,see,
25,446,1713,|,
25,597,1713,CT,
25,841,1717,Csr,
25,1361,1717,|,
25,1716,1713,Csdtscwpc,csdtscwpc
25,2060,1713,||,
25,2388,1717,|,
25,150,1769,|,
25,242,1769,ses,
25,413,1769,|,
25,604,1769,CT,
25,907,1769,sfercrapcopcapc,sfercrapcopcapc
25,1348,1769,|,
25,1493,1773,|,
25,1743,1769,TT,
25,2283,1769,frp,
25,2723,1773,||,
25,150,1826,|,
25,242,1826,ses,
25,413,1826,|,
25,604,1826,CT,
25,788,1826,CCCs,
25,1130,1826,fopcspc,fopcspc
25,1341,1826,|,
25,1558,1826,fepcspc,fepcspc
25,1815,1826,|,
25,1986,1830,|,
25,2289,1830,|,
25,150,1882,|,
25,154,1886,"867_ifapcapc_japc,apc_japcapc","867_ifapcapc_japc,apc_japcapc"
25,1144,1882,|,
25,1275,1882,|,
25,1499,1882,|,
25,1841,1886,|,
25,150,1939,|,
25,242,1939,ses,
25,446,1939,|,
25,624,1943,|,
25,847,1939,sida,
25,1130,1939,fapcapc,fapcapc
25,1341,1939,|,
25,1558,1939,fapcapc,fapcapc
25,1815,1939,|,
25,1986,1943,|,
25,2289,1943,|,
25,150,1995,|,
25,242,1995,869,
25,439,1995,"fapcsapcfapc,apc_japc.apc","fapcsapcfapc,apc_japc.apc"
25,1137,1995,|,
25,1275,1999,|,
25,1493,1995,TE,
25,150,2052,|,
25,248,2052,evo,
25,446,2052,|,
25,597,2052,CCT,
25,847,2052,Cdr,
25,1130,2052,fapcapc,fapcapc
25,1354,2052,|,
25,1493,2056,TT,
25,150,2108,poet,
25,393,2108,OT,
25,450,2112,farce,farce
25,2019,2108,_fapcierpc,_fapcierpc
25,2250,2108,||,
25,2704,2108,darorc,darorc
25,2908,2108,|,
25,150,2165,pea,
25,446,2165,|,
25,450,2169,PsP,
25,2454,2165,farcszrc_fapcizpc,farcszrc_fapcizpc
25,2915,2165,||,
25,154,2225,2,
25,755,2225,GG,
25,1144,2221,(90,
25,1367,2225,GG,
25,2059,2221,(077,
25,2164,2221,(0,
25,2473,2225,OO,
25,150,2278,|,
25,255,2278,7a,
25,433,2278,fapcspc,fapcspc
25,696,2278,|,
25,867,2282,|,
25,2302,2278,fra,
25,2980,2278,CPC,cpc
25,3092,2278,|,
25,150,2334,pes,
25,450,2338,|,
25,1841,2334,forcarc,forcarc
25,2060,2334,TT,
25,2447,2334,frcarcforciarc,frcarcforciarc
25,2915,2334,[|,
26,152,104,Camp,
26,259,104,Mather,
26,380,104,2026,
26,470,104,Waiting,
26,604,104,List,
26,153,217,Find,
26,228,213,your,
26,306,213,waiting,
26,433,217,list,
26,490,217,number.,
26,634,217,Count,
26,743,217,number,
26,877,217,of,
26,916,217,families,
26,1054,217,above,
26,1158,223,you,
26,1227,217,requesting,
26,1406,223,same,
26,1502,217,week(s),
26,1639,217,/,
26,1660,217,cabin,
26,1758,217,size(s).,
26,188,370,Waiting,
26,334,370,List#,
26,458,374,May31-June3,
26,755,374,June3-6,
26,946,374,June7-13,
26,1152,374,June14-20,
26,1367,374,June21-27,
26,1582,374,June28-July4,
26,1860,374,July5-11,
26,2066,374,July12-18,
26,2266,374,July19-25,
26,2472,374,July,
26,2549,374,26-Aug1,
26,2728,370,Aug,
26,2796,374,2-8,
26,2934,370,Aug,
26,3005,374,9-15,
26,150,413,|,
26,248,413,eve,
26,433,413,|,
26,604,417,CT,
26,1565,413,otserpts,
26,1854,413,||,
26,2283,413,fr,
26,2513,413,tscrts,
26,2710,413,|epts.epts,
26,2928,413,|,
26,3033,417,|,
26,150,470,|,
26,261,470,ez7,
26,419,470,|,
26,597,470,CCT,
26,847,470,Cds,
26,1130,470,fapcspc,fapcspc
26,1348,470,|,
26,1493,474,|,
26,1822,470,sdacgpc,sdacgpc
26,2046,470,|,
26,2190,470,||,
26,2618,474,|,
26,150,526,peeve,
26,426,526,|,
26,450,530,arcsec,arcsec
26,2684,526,|,
26,150,583,|,
26,248,583,eva,
26,439,583,|,
26,450,587,eh,
26,2776,583,CaPC_[5PC.APC,5c
26,3092,583,|,
26,150,639,|,
26,242,639,seo,
26,446,639,|,
26,1032,639,forsee,
26,1854,643,|r,
26,2710,639,forcispc,forcispc
26,2915,639,||,
26,150,696,|,
26,242,696,set,
26,446,696,|,
26,604,696,sida,
26,926,696,fapcapc,fapcapc
26,1137,696,|,
26,1275,700,|,
26,1361,700,EE,
26,150,752,|,
26,242,752,sez,
26,446,752,|,
26,716,752,fcr,
26,1146,752,TT,
26,1749,752,rca,rca
26,2260,756,||,
26,150,809,|,
26,242,809,ses,
26,446,809,|,
26,630,809,TT,
26,1091,809,cots,
26,1354,809,|,
26,1486,809,"facets,",
26,1822,809,|,
26,1980,813,|,
26,2289,813,|,
26,2612,809,dacs,
26,2929,813,|,
26,150,865,|,
26,242,865,sea,
26,439,865,|,
26,617,865,sdercapc,sdercapc
26,926,865,Jopcapc,jopcapc
26,1137,865,|,
26,1275,869,|,
26,1473,865,CE,
26,2046,865,frre,
26,2723,869,||,
26,150,922,|,
26,242,922,ses,
26,419,922,|,
26,630,922,TT,
26,1130,922,opcspc,opcspc
26,1361,926,|,
26,2177,922,feces,
26,2466,922,||,
26,2862,922,PCP,pcp
26,150,978,|,
26,242,978,ses,
26,446,978,|,
26,604,978,CT,
26,847,978,Cars,
26,1137,978,fapcspc,fapcspc
26,1341,978,|,
26,1565,978,fapcispc,fapcispc
26,1815,978,|,
26,1986,982,|,
26,150,1035,|,
26,242,1035,sez,
26,439,1035,|,
26,597,1035,CT,
26,907,1035,idspcizpc,idspcizpc
26,1146,1039,P|,
26,2315,1039,sh,
26,2921,1035,[BP,
26,2980,1035,C.BPC,c.bpc
26,3099,1035,|,
26,150,1091,|,
26,242,1091,ses,
26,433,1091,|,
26,1065,1091,csc,
26,1841,1091,farcsrc_|apcspc,farcsrc_|apcspc
26,2256,1091,|,
26,2388,1095,|,
26,2618,1095,|,
26,2855,1095,|,
26,150,1148,|,
26,242,1148,seo,
26,446,1148,|,
26,604,1148,CT,
26,788,1148,Cs,
26,966,1148,rssopts,
26,1144,1148,|,
26,1275,1152,|,
26,1473,1148,sfmtsopts,
26,1828,1148,|,
26,1986,1152,|,
26,2296,1152,EC,
26,150,1204,|,
26,242,1204,sso,
26,446,1204,|,
26,597,1208,CT,
26,1124,1204,fetsapc,fetsapc
26,1361,1208,|,
26,1822,1204,ifstssapc,ifstssapc
26,2052,1204,|,
26,2184,1208,||,
26,2737,1204,rtsiapc,rtsiapc
26,2921,1204,[|,
26,150,1261,pst,
26,426,1261,|,
26,450,1265,aah,
26,2717,1261,daca,
26,2921,1261,[aPcaPC,[apcapc
26,3092,1261,|,
26,150,1317,|,
26,242,1317,soz,
26,439,1317,|,
26,630,1317,CidPC2PC,2c
26,926,1317,|apciapc_[spczec,|apciapc_[spczec
26,1348,1317,|,
26,1493,1321,|,
26,1743,1317,||,
26,150,1374,|,
26,242,1374,sos,
26,446,1374,|,
26,604,1374,CT,
26,900,1374,Cdspciapcapcapc,cdspciapcapcapc
26,1361,1374,||,
26,1848,1378,E,
26,150,1430,|,
26,242,1430,soa,
26,439,1430,|,
26,597,1434,CT,
26,1124,1430,fpcizpc,fpcizpc
26,1348,1430,|arciarc[apcapc,|arciarc[apcapc
26,1809,1430,|,
26,1986,1434,|,
26,2289,1434,|,
26,150,1487,|,
26,242,1487,sos,
26,413,1487,|,
26,597,1487,CTC,
26,1328,1487,Cdscspts,
26,1565,1487,[spcopts,[spcopts
26,1854,1487,||,
26,2520,1487,SPC,spc
26,3020,1487,PTS,
26,150,1543,|,
26,242,1543,soe,
26,413,1543,|,
26,604,1543,CT,
26,788,1543,CC,
26,946,1543,sCorc[spciepc,scorc[spciepc
26,1341,1543,|,
26,1493,1543,secre,
26,1815,1543,|,
26,1986,1547,|,
26,150,1600,|,
26,242,1600,som,
26,446,1600,|,
26,597,1600,CCT,
26,847,1600,Csr,
26,1130,1600,fepcapc,fepcapc
26,1341,1600,|,
26,1558,1600,fepcapc,fepcapc
26,1815,1600,|,
26,1986,1604,|,
26,2060,1604,|,
26,150,1656,pss,
26,450,1660,|,
26,2046,1656,dac2hcfapcapc,dac2hcfapcapc
26,2447,1656,fapciarec,fapciarec
26,2691,1656,|,
26,2849,1656,|,
26,150,1713,|,
26,248,1713,soo,
26,446,1713,|,
26,450,1717,freer,
26,2717,1713,fapc2PC,2c
26,2901,1713,[2h,
26,2980,1713,"C,2PC",2c
26,3092,1713,|,
26,150,1769,|,
26,242,1769,goof,
26,450,1773,arcs,arcs
26,2046,1769,farcispc_lapcispc,farcispc_lapcispc
26,2454,1769,|,
26,2618,1769,|,
26,2849,1769,|,
26,150,1826,Pp,
26,242,1826,sot,
26,446,1826,|,
26,450,1830,csc,
26,2454,1826,fapcrc,fapcrc
26,2691,1826,|,
26,150,1882,|,
26,248,1882,soz,
26,419,1882,|,
26,450,1886,Pape,
26,2454,1882,farczrc,farczrc
26,2684,1882,arcsec,arcsec
26,2915,1882,||,
26,150,1939,pos,
26,419,1939,|,
26,450,1943,arcs,arcs
26,2052,1939,|,
26,2750,1939,CPS,
26,3099,1939,|,
26,150,1995,|,
26,242,1995,9a,
26,446,1995,|,
26,597,1995,CCT,
26,847,1995,Cryer,
26,1130,1995,fopcepc,fopcepc
26,1348,1995,|,
26,1493,1999,|,
26,1756,1995,CTCCpcowpc,ctccpcowpc
26,2256,1995,|,
26,2381,1999,||,
26,150,2052,|,
26,242,2052,905,
26,406,2052,|,
26,624,2052,CdserC,cdserc
26,920,2052,|opciepc_[epcepc,|opciepc_[epcepc
26,1348,2052,|,
26,1493,2056,|,
26,1743,2056,|,
26,1986,2056,|,
26,150,2108,poe,
26,450,2112,|,
26,1848,2108,orcsrc,orcsrc
26,2060,2112,|,
26,150,2165,|,
26,242,2165,907,
26,446,2165,|,
26,604,2165,sida,
26,940,2169,|,
26,1282,2165,Tact,
26,2046,2165,apccapc,apccapc
26,2260,2165,||,
26,2618,2169,|,
26,150,2221,|,
26,242,2221,soe,
26,450,2225,carci,carci
26,1934,2221,arc,arc
26,2046,2221,|spcapc,|spcapc
26,2256,2221,|,
26,2388,2221,|,
26,2618,2221,|,
26,150,2278,|,
26,242,2278,soo,
26,446,2278,|,
26,597,2278,CT,
26,874,2278,Torch,torch
26,1341,2278,|,
26,1558,2278,fecspc,fecspc
26,1795,2278,i,
26,1841,2278,fopcsspc,fopcsspc
26,2052,2278,|,
26,2190,2282,|,
26,2388,2282,|,
26,2618,2282,|,
26,150,2334,|,
26,248,2334,oto,
26,450,2338,|,
26,1565,2334,etsercfortserc,etsercfortserc
26,2059,2334,|,
26,2184,2334,TT,
26,2737,2334,PSPC,pspc
26,3099,2334,J,
27,152,104,Camp,
27,259,104,Mather,
27,380,104,2026,
27,470,104,Waiting,
27,604,104,List,
27,153,217,Find,
27,228,213,your,
27,306,213,waiting,
27,433,217,list,
27,490,217,number.,
27,634,217,Count,
27,743,217,number,
27,877,217,of,
27,916,217,families,
27,1054,217,above,
27,1158,223,you,
27,1227,217,requesting,
27,1406,223,same,
27,1502,217,week(s),
27,1639,217,/,
27,1660,217,cabin,
27,1758,217,size(s).,
27,188,370,Waiting,
27,334,370,List#,
27,458,374,May31-June3,
27,755,374,June3-6,
27,946,374,June7-13,
27,1152,374,June14-20,
27,1367,374,June21-27,
27,1582,374,June28-July4,
27,1860,374,July5-11,
27,2066,374,July12-18,
27,2266,374,July19-25,
27,2472,374,July,
27,2549,374,26-Aug1,
27,2728,370,Aug,
27,2796,374,2-8,
27,2934,370,Aug,
27,3005,374,9-15,
27,150,386,Poot,
27,450,417,rc,rc
27,2462,386,|,
27,150,443,pe,
27,450,474,SC—SC(t‘“‘“RNC*dDS(NOCdCOSCSSCdCdSCSSSCid,
27,2768,443,CdS,
27,150,499,pis,
27,1578,530,asa,
27,2462,499,facsec,
27,154,556,oa,
27,549,556,SSC—~—<—sSSC~“‘irSSC~iP,
27,1238,556,PS,
27,1361,587,SC~dSCSCSCS*~—~iS*~‘“~*~‘“SCSCS*~*diPC,sc~dscscscs*~—~is*~‘“~*~‘“scscs*~*dipc
27,2351,556,GPC,gpc
27,2462,556,oP,
27,2827,556,CSCS”,
27,150,612,pis,
27,450,643,as,
27,2938,612,PSP,
27,150,669,pis,
27,405,669,i,
27,498,669,SSCSC~=~—SC~C~*~éi,
27,966,669,PPPS,
27,1361,700,CdSCSCSCSC“‘~‘“RSSC‘“SC“‘(‘#SSNC*‘dSSCSSSSC*dSC,
27,2895,669,irc,irc
27,150,725,pid,
27,932,725,arcisoarcspc,arcisoarcspc
27,1348,725,[iar,
27,1854,756,CCC,
27,150,782,pe,
27,558,782,SCSC~—<—sSC~iPg,
27,1146,782,PP,
27,1361,813,CdSCC*sSC(“‘SNNCPCSdSCOC‘iSCCS,cdscc*ssc(“‘snncpcsdscoc‘isccs
27,150,838,p19,
27,651,838,dora,
27,1136,869,foros,
27,150,895,[20d,
27,490,895,SSSCS*~C~SCS*~S*«wd,
27,991,895,gw,
27,1144,895,oP,
27,1357,895,|,
27,1361,926,CdSSCCSC*C“‘“‘sSSC*C*‘SCSC‘“‘#™SYNN.ecets—sdSSSC=idSCti‘C~*d,
27,150,951,pear,
27,1127,951,dorcspc,dorcspc
27,1340,951,farce,farce
27,1576,982,[iii,
27,150,1008,pee,
27,450,1039,SC—~iSC(tst~‘iSSC“‘irSSCSC*~dSC(‘“,
27,1527,1008,Cs,
27,1960,1008,CdSCidP,
27,2326,1008,a,
27,2649,1008,CdSCSCSCSC«*d,
27,3014,1008,PC,pc
27,154,1095,srs,
27,2139,1064,rr,
27,2980,1064,cr,
27,150,1121,pe,
27,549,1121,SCSC~<isSSCSC~‘“SCSC~S~iP,
27,1229,1121,GPC,gpc
27,1361,1152,CSC~*dPPOCdSC*~‘“‘iPCCC~dPSC‘“‘CSCSC*CSOC‘#CUCC‘é”,csc~*dppocdsc*~‘“‘ipccc~dpsc‘“‘cscsc*csoc‘#cucc‘é”
27,154,1208,a,
27,464,1208,a,
27,749,1208,CO,
27,2428,1177,PRY,
27,3040,1177,cel,
27,150,1234,[as,
27,450,1265,SCSC~<—sSC“‘“RSC“‘“LN#dNSC(C“‘“‘C‘#‘@iBIPGPC—~iGPPO,scsc~<—ssc“‘“rsc“‘“ln#dnsc(c“‘“‘c‘#‘@ibipgpc—~igppo
27,2054,1234,|,
27,2156,1265,C~SC“‘CSCOPCBPG™SCSSSCOC*C*~‘R##SSC#ds,c~sc“‘cscopcbpg™scssscoc*c*~‘r##ssc#ds
27,154,1321,a,
27,456,1321,CC,
27,974,1321,oo,
27,150,1347,ps2,
27,396,1347,«|,
27,490,1347,~SSCS*~*~*«d,
27,787,1347,CGP,
27,940,1347,owC.gPC@POaPO.,owc.gpc@poapo.
27,1357,1347,|,
27,1361,1378,CdESSCSC~“‘“‘“sRSSC*‘SNSNNWYNSN’N’W’“’:“SYUNS’@”-~wsXsMmVJ|]-/—«<Y(,
27,154,1434,OO,
27,2207,1403,Po,
27,2513,1403,Yao,
27,150,1460,[0,
27,396,1460,SCdSC=“~*~‘~sSC“‘*‘“RSSC*C‘“‘ig@PCHRS:,scdsc=“~*~‘~ssc“‘*‘“rssc*c‘“‘ig@pchrs:
27,1340,1460,~SCdESCC“‘“‘sOC‘NNNNUYNNN’§.-«,
27,2504,1460,ss,
27,2640,1460,sCidSCOst—‘“C~drSC‘C~*?,
27,150,1516,Sc,
27,456,1547,CC,
27,940,1547,OC,
27,2164,1516,Co,
27,150,1573,[sei,
27,450,1604,SSC~=<“—*~‘s~idSC‘“‘*‘édiPSPSSCSC*C“‘ULSO#*#*édPOSPOSSCPSOC~“‘iRSC“‘C@N#N:“C“(‘#YSCSN#WN#SNS#SUGwO,
27,2963,1573,CS,
27,150,1629,p93,
27,592,1629,SS—*i,
27,838,1629,SPS,
27,923,1629,fowcigrc,fowcigrc
27,1136,1629,[CO,
27,1361,1660,CidSCSC“‘“‘sOC*~*édCR,
27,2317,1629,COC,
27,2555,1629,CSC~idSC“‘“‘SLNC#CN,
27,150,1686,psa,
27,558,1686,SS~dSCSSC*dPg,
27,1136,1686,PS,
27,1146,1717,SC*dSCtC‘“‘*‘“dRSCSC*~‘~*iCNSPOCaPwc,
27,2258,1686,|,
27,2394,1686,CPSCSC~“‘“dRSCSC‘“‘(C*“LOC#*#*”,
27,154,1773,5,
27,1569,1742,esgroYrcxercJercierc,esgroyrcxercjercierc
27,2258,1773,[PCS,[pcs
27,150,1799,ps,
27,450,1830,SCiSCSC‘iSSSOSSdCSS~«*i,
27,2538,1799,Pa,
27,2819,1799,BPP,
27,3023,1799,TPC,tpc
27,154,1886,997,
27,2071,1855,sree,
27,2453,1855,fercerc,fercerc
27,2708,1855,|,
27,150,1912,pe,
27,450,1943,SC~sSC(CtSC‘iYSCSOS,
27,1722,1912,Odie,
27,2453,1912,farcarc,farcarc
27,2683,1912,|,
27,2827,1912,«ida,
27,150,1968,p99,
27,749,1999,ares,
27,2589,1968,SCdSCC*dSCNC,
27,150,2025,[0,
27,450,2056,SCiSSCidCSS*dCSiaeczr,
27,1799,2025,i,
27,1952,2056,SC*dCSCSC~*~sSC(Ci‘“‘C*édSP—~CdaP,
27,2819,2025,PO,
27,2989,2025,CS,
27,154,2112,SA,
27,762,2081,12,
27,1008,2112,oR,
27,150,2138,[ea,
27,566,2138,SC~*~dSCS:*CS*«wdP,
27,1008,2138,aPC,apc
27,1144,2138,aPOGPC,apogpc
27,1348,2138,|,
27,1450,2138,C~C~*idaPO,
27,1671,2138,PO,
27,1799,2169,CPSCSCSC*‘iESC“‘CNNNNNOCNSSCOC~C‘“RSNNNT’,
27,1146,2225,a,
27,1371,2225,A,
27,1576,2225,Cc,
27,940,2282,ier,
27,2049,2251,eco,
27,2262,2282,fSCSSCSC“‘“‘SOL,
27,3010,2251,OC,
27,154,2338,OC,
27,1399,2338,A,
27,2060,2338,Oo,
28,152,104,Camp,
28,259,104,Mather,
28,380,104,2026,
28,470,104,Waiting,
28,604,104,List,
28,153,217,Find,
28,228,213,your,
28,306,213,waiting,
28,433,217,list,
28,490,217,number.,
28,634,217,Count,
28,743,217,number,
28,877,217,of,
28,916,217,families,
28,1054,217,above,
28,1158,223,you,
28,1227,217,requesting,
28,1406,223,same,
28,1502,217,week(s),
28,1639,217,/,
28,1660,217,cabin,
28,1758,217,size(s).,
28,188,370,Waiting,
28,334,370,List#,
28,458,374,May31-June3,
28,755,374,June3-6,
28,946,374,June7-13,
28,1152,374,June14-20,
28,1367,374,June21-27,
28,1582,374,June28-July4,
28,1860,374,July5-11,
28,2066,374,July12-18,
28,2266,374,July19-25,
28,2472,374,July,
28,2549,374,26-Aug1,
28,2728,370,Aug,
28,2796,374,2-8,
28,2934,370,Aug,
28,3005,374,9-15,
28,150,413,pe,
28,450,417,Trae,
28,2717,413,fsa,
28,2921,413,[8PC.APC,8c
28,3099,413,|,
28,150,470,|,
28,242,470,sam,
28,433,470,|,
28,450,474,rcs,rcs
28,2605,470,pCa,pca
28,2915,470,[oP,
28,2980,470,CaP,
28,3092,470,|,
28,154,530,7,
28,755,530,Ge,
28,946,530,GQ,
28,1367,530,Gn,
28,1861,526,GY,
28,2065,526,(CO,
28,2467,526,(107-10,
28,150,583,|,
28,242,583,sag,
28,450,587,|,
28,920,583,fpcrapc,fpcrapc
28,1146,583,TP,
28,1861,587,ca,
28,2454,583,fapcarc,fapcarc
28,2723,587,||,
28,150,639,|,
28,255,639,50,
28,446,639,|,
28,604,639,CT,
28,847,639,Cscopc,cscopc
28,1124,639,fspcepc,fspcepc
28,1348,639,|,
28,1493,643,|,
28,1743,643,|,
28,1986,643,|,
28,2315,639,cor,
28,2723,643,||,
28,150,696,|,
28,242,696,ost,
28,419,696,|,
28,604,696,CTC,
28,907,696,"Cdrcsapcfapcizpc,","cdrcsapcfapcizpc,"
28,1361,696,|||,
28,150,752,|,
28,248,752,ssa,
28,413,752,|,
28,597,752,CT,
28,907,752,itssopts,
28,1144,752,|,
28,1282,756,|,
28,1499,756,ET,
28,2230,752,ifotserts,
28,2467,756,||,
28,150,809,|,
28,242,809,sss,
28,450,813,|,
28,1130,809,acspc,acspc
28,1348,809,fapcispc,fapcispc
28,1565,809,|,
28,1743,813,|,
28,1986,813,|,
28,2546,809,CPC,cpc
28,150,865,|,
28,248,865,ssa,
28,907,865,Cfarcszpcfapcsec,cfarcszpcfapcsec
28,1341,865,|,
28,1558,865,fapc'gpc,fapc'gpc
28,1815,865,|,
28,1986,869,|,
28,150,922,pss,
28,450,926,|,
28,749,926,rcs,rcs
28,2467,922,orcshc,orcshc
28,2724,922,orcisrc,orcisrc
28,2915,922,|,
28,150,978,pe,
28,450,982,|,
28,1558,978,facapcfapcrapc,facapcfapcrapc
28,2052,978,|,
28,2184,978,||,
28,2743,978,CPC,cpc
28,150,1035,|,
28,242,1035,957,
28,446,1035,|,
28,597,1035,CT,
28,788,1035,Cs,
28,946,1035,"sts,apc","sts,apc"
28,1130,1035,feptsapc,feptsapc
28,1341,1035,|epts.apc,|epts.apc
28,1572,1035,|,
28,1736,1039,|,
28,1980,1039,|,
28,2164,1035,CE,
28,2388,1039,|,
28,150,1091,|,
28,255,1091,se,
28,413,1091,|,
28,597,1091,CTC,
28,900,1091,Crsepts,
28,1137,1091,[optseprs,
28,1361,1091,|,
28,1499,1095,|,
28,1736,1095,|,
28,1986,1095,|,
28,2717,1091,rtsscrts,
28,2928,1091,||,
28,150,1148,|,
28,242,1148,sso,
28,446,1148,|,
28,597,1148,CT,
28,847,1148,Cspcizpc,cspcizpc
28,1146,1152,P|,
28,2184,1148,sesh,
28,2684,1148,|,
28,2934,1148,PCP,pcp
28,150,1204,|,
28,242,1204,seo,
28,446,1204,|,
28,597,1204,CT,
28,907,1204,ifrcsspc,ifrcsspc
28,1137,1204,|,
28,1341,1204,fercispc,fercispc
28,1565,1204,|,
28,1835,1204,fepcsspc,fepcsspc
28,2052,1204,|,
28,2184,1208,|,
28,2388,1208,|,
28,2592,1204,CT,
28,150,1261,|,
28,242,1261,set,
28,446,1261,|,
28,617,1261,CiddsCpc,ciddscpc
28,933,1261,|,
28,1137,1261,"fspcczpc,","fspcczpc,"
28,1361,1265,||,
28,150,1317,|,
28,242,1317,ge,
28,426,1317,|,
28,450,1321,farce,farce
28,2019,1317,_farcyerpc,_farcyerpc
28,2250,1317,|,
28,2454,1317,dapcerc,dapcerc
28,2691,1317,|,
28,2849,1317,|,
28,749,1378,pT,
28,1146,1378,rcs,rcs
28,2720,1374,eciehc,
28,2917,1374,[ercierc,[ercierc
28,3088,1374,|,
28,745,1430,|,
28,850,1430,sfapciepts,sfapciepts
28,1133,1430,"|arc,epts","|arc,epts"
28,1357,1430,apcepts,apcepts
28,1567,1430,|,
28,1745,1434,|,
28,1989,1434,|,
28,2186,1434,|,
28,745,1487,|,
28,870,1491,|,
28,1113,1487,ifpcsspc,ifpcsspc
28,1344,1487,fepcsec,fepcsec
28,1567,1487,|,
28,1739,1491,|,
28,1989,1491,EC,
28,2608,1487,Ces,
28,745,1543,jepcspc_[epcspc,jepcspc_[epcspc
28,1133,1543,erc.spc_,erc.spc_
28,1350,1543,|,
28,1495,1547,|,
28,1712,1543,CT,
28,940,1600,pT,
28,1403,1600,pct,pct
28,1811,1604,fT,
28,2430,1604,zp,
28,2812,1600,faz,
28,940,1660,po,
28,2516,1656,czpcfarci2pc,2c
28,2917,1656,[arcarc,[arcarc
28,3088,1656,|,
28,940,1713,pT,
28,1146,1717,css,
28,2713,1713,[ercerts,[ercerts
28,2917,1713,[orcerts,[orcerts
28,3095,1713,|,
28,936,1769,lepcspc|epc.spc_,lepcspc|epc.spc_
28,1344,1769,|,
28,1502,1769,opcspc,opcspc
28,1811,1769,{|,
28,1982,1773,|,
28,2186,1773,|,
28,940,1830,pT,
28,1633,1826,sheer,
28,2048,1826,[sparc,[sparc
28,2246,1826,|spcepc,|spcepc
28,2463,1826,|,
28,2621,1830,|,
28,745,1882,po,
28,2450,1882,frczhcfc.2Pc_[pc.arc,2c
28,3088,1882,|,
28,745,1939,|,
28,876,1939,TC,
28,1054,1939,Cscsgpcfspcspec,cscsgpcfspcspec
28,1567,1939,|,
28,1739,1943,TT,
28,2535,1939,PPC,ppc
28,1146,1999,G07:,
28,446,2052,po,
28,1742,2052,rcs,rcs
28,2453,2052,|,
28,2618,2052,sca,
28,2914,2052,[oP,
28,2980,2052,CaP,
28,150,2108,poe,
28,419,2108,|,
28,450,2112,rcp,rcp
28,2710,2108,fercspC_[ePC.5PC,5c
28,3099,2108,|,
28,150,2165,|,
28,255,2165,v7,
28,439,2165,|,
28,450,2169,rca,rca
28,2454,2165,forcrapc,forcrapc
28,2691,2165,|,
28,1142,2221,po,
28,1839,2221,ercrapc,ercrapc
28,2060,2225,[CPC,[cpc
28,2899,2221,[CAP,
28,940,2282,pT,
28,1765,2278,csr,
28,2246,2278,fppcizpec,fppcizpec
28,2466,2282,fT,
28,150,2334,|,
28,242,2334,seo,
28,446,2334,|,
28,597,2334,CT,
28,854,2334,ifr,
28,1124,2334,fapczec,fapczec
28,1361,2338,||,
28,2315,2334,arcsec,arcsec
28,154,1434,964,
28,154,1547,366,
28,749,1604,rt,
28,749,1660,a,
28,150,1686,869,
28,749,1717,a,
28,749,1773,a,
28,749,1830,a,
29,152,104,Camp,
29,259,104,Mather,
29,380,104,2026,
29,470,104,Waiting,
29,604,104,List,
29,153,217,Find,
29,228,213,your,
29,306,213,waiting,
29,433,217,list,
29,490,217,number.,
29,634,217,Count,
29,743,217,number,
29,877,217,of,
29,916,217,families,
29,1054,217,above,
29,1158,223,you,
29,1227,217,requesting,
29,1406,223,same,
29,1502,217,week(s),
29,1639,217,/,
29,1660,217,cabin,
29,1758,217,size(s).,
29,188,370,Waiting,
29,334,370,List#,
29,458,374,May31-June3,
29,755,374,June3-6,
29,946,374,June7-13,
29,1152,374,June14-20,
29,1367,374,June21-27,
29,1582,374,June28-July4,
29,1860,374,July5-11,
29,2066,374,July12-18,
29,2266,374,July19-25,
29,2472,374,July,
29,2549,374,26-Aug1,
29,2728,370,Aug,
29,2796,374,2-8,
29,2934,370,Aug,
29,3005,374,9-15,
29,150,413,poset,
29,419,413,|,
29,450,417,farce,farce
29,2921,413,fa,
29,2980,413,ca,
29,3059,413,c|,
29,150,470,|,
29,242,470,sez,
29,446,470,|,
29,604,470,CT,
29,847,470,Cds,
29,1130,470,fapciapc,fapciapc
29,1348,470,|apc.spc,|apc.spc
29,1565,470,|,
29,1743,474,|,
29,1986,474,|,
29,2289,474,|,
29,150,526,poses,
29,450,530,|,
29,2052,526,srcsrc,srcsrc
29,2473,526,dC,
29,2921,526,[PCP,[pcp
29,3092,526,|,
29,150,583,|,
29,242,583,see,
29,450,587,|,
29,1124,583,fsczpc,fsczpc
29,1348,583,|spcizpc,|spcizpc
29,1565,583,|,
29,1736,587,|,
29,1980,587,|,
29,2250,583,seczpc,seczpc
29,2466,587,||,
29,150,639,pes,
29,419,639,|,
29,450,643,frp,
29,2921,639,farc2P,farc2p
29,3079,639,|,
29,150,696,pes,
29,450,700,|,
29,749,700,aPC,apc
29,2454,696,farcarc,farcarc
29,2710,696,farcarc,farcarc
29,2915,696,|,
29,150,752,pez,
29,433,752,|,
29,450,756,arcs,arcs
29,2710,752,farcspc_[aPC.5PC,5c
29,3099,752,|,
29,154,813,a,
29,755,813,GG,
29,1150,809,GO,
29,1367,809,C00,
29,1861,813,GG,
29,2473,813,OG,
29,150,865,|,
29,242,865,seo,
29,433,865,|,
29,630,865,Tapco,tapco
29,1348,865,|,
29,1558,865,fapcopc,fapcopc
29,1854,865,||,
29,2552,865,CPC,cpc
29,150,922,|,
29,248,922,sso,
29,446,922,|,
29,597,922,CT,
29,992,922,pcp,pcp
29,1361,926,|,
29,2026,922,ispcapc,ispcapc
29,2260,926,||,
29,150,978,pst,
29,450,982,|,
29,1348,978,ertsszpec,
29,1576,978,fT,
29,1986,978,Titec,
29,2466,982,||,
29,2961,978,PTS.3PC,3c
29,150,1035,ps2,
29,450,1039,|,
29,2717,1035,srtsscrc,srtsscrc
29,2921,1035,|,
29,150,1091,|,
29,248,1091,ss,
29,419,1091,|,
29,597,1095,CT,
29,1130,1091,apcopts,apcopts
29,1348,1091,|,
29,1565,1091,fapcepts,fapcepts
29,1809,1091,fapciepts,fapciepts
29,2059,1091,|,
29,2184,1095,|,
29,2388,1095,|,
29,2618,1095,|,
29,150,1148,|,
29,248,1148,soa,
29,446,1148,|,
29,597,1148,CT,
29,847,1148,Cds,
29,1130,1148,fapciepc,fapciepc
29,1354,1148,|,
29,1493,1152,|,
29,1723,1148,sfc,
29,2052,1148,|,
29,2060,1152,|||,
29,150,1204,pss,
29,450,1208,|,
29,2710,1204,farczrc,farczrc
29,150,1261,pe,
29,450,1265,Tare,
29,2717,1261,dacs,
29,2921,1261,[aPC5PC,5c
29,3092,1261,|,
29,150,1317,ps7,
29,433,1317,|,
29,450,1321,fcc,
29,2875,1317,_[eP,
29,2980,1317,cP,
29,3053,1317,TS,
29,3099,1317,|,
29,150,1374,|,
29,242,1374,se,
29,450,1374,TT,
29,887,1374,pcp,pcp
29,1146,1378,||,
29,2315,1374,arch,arch
29,2921,1374,[a,
29,2980,1374,c5PC,5c
29,3099,1374,|,
29,150,1430,|,
29,248,1430,sg,
29,413,1430,|,
29,591,1430,CT,
29,847,1430,Cdr,
29,1130,1430,fapcsec,fapcsec
29,1341,1430,|,
29,1558,1430,fapcapc,fapcapc
29,1815,1430,|,
29,1986,1434,|,
29,2289,1434,|,
29,150,1487,|,
29,242,1487,tooo,
29,426,1487,|,
29,450,1491,forces,forces
29,2454,1487,forccrts,forccrts
29,2697,1487,|,
29,2849,1487,|,
29,150,1543,|,
29,235,1543,toon,
29,446,1543,|,
29,630,1543,Tipp,
29,1146,1543,||,
29,1934,1543,farce,farce
29,2710,1543,farcrc,farcrc
29,2929,1547,|,
29,150,1600,|,
29,242,1600,toon,
29,439,1600,|,
29,450,1604,Cac,
29,1657,1600,apcfarcarc,apcfarcarc
29,2046,1600,|apcapc,|apcapc
29,2256,1600,|,
29,2388,1600,|,
29,2618,1600,|,
29,2855,1600,|,
29,150,1656,|,
29,242,1656,tos,
29,426,1656,|,
29,597,1656,CT,
29,966,1656,fers,
29,1341,1656,|,
29,1558,1656,fzpcapcfarc.spec_,fzpcapcfarc.spec_
29,2046,1656,|,
29,2190,1660,|,
29,2388,1660,|,
29,2618,1660,|,
29,150,1713,|,
29,242,1713,toa,
29,433,1713,|,
29,450,1717,fect,
29,2460,1713,|,
29,150,1769,|,
29,235,1769,tos,
29,419,1769,|,
29,604,1769,Cidcropc,cidcropc
29,940,1769,||,
29,150,1826,|,
29,242,1826,toe,
29,426,1826,|,
29,1282,1826,orcs,orcs
29,2355,1830,|,
29,150,1882,|,
29,242,1882,tom,
29,433,1882,|,
29,450,1886,rcp,rcp
29,2460,1882,|,
29,150,1939,|,
29,242,1939,tos,
29,426,1939,|,
29,630,1943,TC,
29,1315,1939,cer,
29,1841,1939,fapcrc,fapcrc
29,2046,1939,|,
29,2184,1943,|,
29,2447,1939,dapciorc,dapciorc
29,2723,1943,||,
29,150,1995,|,
29,235,1995,tooo,
29,419,1995,|,
29,610,1995,Cidrcszpc,cidrcszpc
29,940,1995,||,
29,150,2052,|,
29,235,2052,toro,
29,446,2052,|,
29,597,2052,CT,
29,847,2052,Cds,
29,1130,2052,fapczpc,fapczpc
29,1354,2052,|,
29,1493,2052,TE,
29,1986,2056,|,
29,2427,2052,sfscgpc,sfscgpc
29,2723,2056,||,
29,150,2108,|,
29,235,2108,torn,
29,433,2108,|,
29,597,2112,CT,
29,1841,2108,fercsrc_orcisrc_fepcsec,fercsrc_orcisrc_fepcsec
29,2454,2108,|,
29,2618,2112,|,
29,2849,2112,|,
29,150,2165,p,
29,235,2165,tora,
29,433,2165,|,
29,450,2169,scar,
29,2250,2165,[5c,
29,2342,2165,aPC,apc
29,2454,2165,|opcapc,|opcapc
29,2691,2165,||,
29,150,2221,|,
29,235,2221,tors,
29,419,2221,|,
29,597,2221,CT,
29,847,2221,Cfo,
29,1130,2221,[apcepts,[apcepts
29,1354,2221,|,
29,1493,2225,|,
29,1743,2225,ET,
29,2704,2221,farccrts,farccrts
29,2928,2221,||,
29,150,2278,|,
29,235,2278,tora,
29,433,2278,|,
29,841,2278,pcp,pcp
29,1361,2282,|,
29,1953,2278,Cd,
29,2144,2278,apc,apc
29,2243,2278,fapcapc,fapcapc
29,2460,2278,|,
29,2618,2282,||,
29,150,2334,|,
29,235,2334,tos,
29,426,2334,|,
29,597,2334,CT,
29,999,2334,cape,
29,1348,2334,farcarpc,farcarpc
29,1576,2334,||,
29,2052,2334,spccapc,spccapc
29,2260,2334,||,
29,2625,2338,|,
30,152,104,Camp,
30,259,104,Mather,
30,380,104,2026,
30,470,104,Waiting,
30,604,104,List,
30,153,217,Find,
30,228,213,your,
30,306,213,waiting,
30,433,217,list,
30,490,217,number.,
30,634,217,Count,
30,743,217,number,
30,877,217,of,
30,916,217,families,
30,1054,217,above,
30,1158,223,you,
30,1227,217,requesting,
30,1406,223,same,
30,1502,217,week(s),
30,1639,217,/,
30,1660,217,cabin,
30,1758,217,size(s).,
30,188,370,Waiting,
30,334,370,List#,
30,458,374,May31-June3,
30,755,374,June3-6,
30,946,374,June7-13,
30,1152,374,June14-20,
30,1367,374,June21-27,
30,1582,374,June28-July4,
30,1860,374,July5-11,
30,2066,374,July12-18,
30,2266,374,July19-25,
30,2472,374,July,
30,2549,374,26-Aug1,
30,2728,370,Aug,
30,2796,374,2-8,
30,2934,370,Aug,
30,3005,374,9-15,
30,150,413,|,
30,235,413,tore,
30,426,413,|,
30,450,417,farce,farce
30,2921,413,fa,
30,2980,413,ca,
30,3059,413,c,
30,3099,413,|,
30,150,470,|,
30,235,470,torr,
30,426,470,|,
30,847,470,csp,
30,1361,474,|,
30,1723,470,Cidrcgrc_fapcspc,cidrcgrc_fapcspc
30,2256,470,|,
30,2388,474,|,
30,2618,474,|,
30,150,526,|,
30,235,526,tore,
30,387,526,=|,
30,604,526,Cid,
30,926,526,|epciapcepcapc,|epciapcepcapc
30,1348,526,|,
30,1493,530,|,
30,1716,526,CT,
30,1986,530,|,
30,150,583,|,
30,235,583,toro,
30,450,587,|,
30,2059,583,resszhc,
30,2355,587,|,
30,150,639,|,
30,248,639,ovo,
30,426,639,|,
30,926,639,dca,
30,1565,639,fapcapcarcarc,fapcapcarcarc
30,2052,639,|,
30,2190,643,|,
30,2388,643,|,
30,2618,643,|,
30,150,696,|,
30,235,696,torn,
30,433,696,|,
30,604,696,CCT,
30,788,696,Css,
30,1130,696,fspciepc,fspciepc
30,1354,696,|,
30,1493,700,|,
30,1743,700,|,
30,1986,700,|,
30,150,752,|,
30,235,752,tora,
30,439,752,|,
30,617,752,Cd@rc5pc,5c
30,913,752,_|opcispc_[epcspc,_|opcispc_[epcspc
30,1348,752,|,
30,1493,756,|,
30,1743,756,|,
30,1986,756,|,
30,150,809,|,
30,235,809,tors,
30,433,809,|,
30,450,813,aPC,apc
30,2460,809,arch,arch
30,2717,809,daciarc,daciarc
30,2915,809,||,
30,150,865,|,
30,235,865,tora,
30,426,865,|,
30,610,865,Ciddrcropc,ciddrcropc
30,933,865,|,
30,1045,865,CT,
30,1196,865,CTC,
30,1473,865,Ciscoe,
30,1854,865,||,
30,2533,865,PPC,ppc
30,150,922,|,
30,235,922,tors,
30,433,922,|,
30,630,926,TC,
30,1348,922,orcisrc,orcisrc
30,1576,922,fT,
30,2329,922,PSPC,pspc
30,2915,922,[oP,
30,2980,922,CEP,
30,3099,922,|,
30,150,978,|,
30,235,978,toe,
30,426,978,|,
30,450,982,cape,
30,2454,978,farczrc,farczrc
30,2684,978,arcsec,arcsec
30,2921,978,[|,
30,150,1035,|,
30,235,1035,torr,
30,446,1035,|,
30,610,1035,ids,
30,940,1035,||,
30,1335,1035,dapcispc,dapcispc
30,1576,1039,||,
30,150,1091,|,
30,235,1091,tore,
30,426,1091,|,
30,610,1091,Ciscspc,ciscspc
30,940,1091,||,
30,1146,1095,rcs,rcs
30,2684,1091,|,
30,2849,1091,SCEPC,scepc
30,150,1148,|,
30,235,1148,top,
30,433,1148,|,
30,450,1152,ceca,
30,2980,1148,CAPC,capc
30,150,1204,|,
30,248,1204,oso,
30,426,1204,|,
30,597,1208,CT,
30,1565,1204,etserts,
30,1841,1204,fortsepts|,
30,2177,1208,|,
30,2447,1204,"feptssepts,",
30,2704,1204,|,
30,2849,1208,|,
30,150,1261,|,
30,261,1261,tost,
30,426,1261,|,
30,597,1261,CT,
30,1321,1261,fers,
30,2046,1261,farcizhc_fapcsec,farcizhc_fapcsec
30,2454,1261,|,
30,2618,1265,|,
30,2849,1265,|,
30,150,1317,|,
30,235,1317,toa,
30,433,1317,|,
30,604,1321,CT,
30,1565,1317,etserts,
30,1841,1317,fortsepts|,
30,2177,1321,|,
30,2447,1317,"fertssepts,",
30,2704,1317,|,
30,2849,1321,|,
30,150,1374,|,
30,235,1374,toss,
30,450,1378,|,
30,749,1378,aah,
30,2717,1374,daca,
30,2921,1374,[aPcaPC,[apcapc
30,3099,1374,|,
30,150,1430,|,
30,235,1430,toa,
30,433,1430,|,
30,597,1434,CT,
30,1841,1430,fercerc_ercierc_fepcepc,fercerc_ercierc_fepcepc
30,2454,1430,|,
30,2618,1434,|,
30,2855,1434,|,
30,150,1487,|,
30,235,1487,toss,
30,426,1487,|,
30,450,1491,arch,arch
30,2046,1487,|,
30,2250,1487,fac,
30,2348,1487,zpc,zpc
30,2447,1487,fapc.spc,fapc.spc
30,2691,1487,||,
30,150,1543,|,
30,235,1543,tose,
30,426,1543,|,
30,630,1543,TT,
30,1144,1543,pcizpc,pcizpc
30,1348,1543,|arciarc,|arciarc
30,1565,1543,[apcapc,[apcapc
30,1809,1543,|,
30,1986,1547,|,
30,2289,1547,|,
30,150,1600,|,
30,248,1600,037,
30,446,1600,fapcsspc,fapcsspc
30,696,1600,|,
30,913,1600,dapcizpc_apcspc,dapcizpc_apcspc
30,1354,1600,|,
30,1493,1604,|,
30,1743,1600,||,
30,150,1656,|,
30,235,1656,tose,
30,426,1656,|,
30,604,1656,CT,
30,841,1656,CT,
30,1111,1656,Cfetsepts,
30,1354,1656,|,
30,1558,1656,"feptsertsferts,epts|",
30,2177,1660,|,
30,2388,1660,|,
30,2618,1660,|,
30,150,1713,|,
30,248,1713,oso,
30,433,1713,|,
30,597,1713,CT,
30,847,1713,CT,
30,1111,1713,sepcepc,sepcepc
30,1354,1713,opcispc,opcispc
30,1565,1713,|,
30,1736,1717,|,
30,1986,1717,|,
30,2552,1713,CPC,cpc
30,150,1769,|,
30,261,1769,toan,
30,419,1769,|,
30,624,1769,Cidzrcapc_japc.apc_fapcaec,cidzrcapc_japc.apc_fapcaec
30,1348,1769,|,
30,1493,1773,|,
30,1743,1769,||,
30,150,1826,|,
30,261,1826,toan,
30,426,1826,|,
30,1051,1826,rcs,rcs
30,1841,1826,forcssrc,forcssrc
30,2052,1826,|,
30,2177,1830,|,
30,2447,1826,fercpc,fercpc
30,2691,1826,|,
30,2849,1830,|,
30,150,1882,|,
30,235,1882,toa,
30,450,1886,farce,farce
30,2684,1882,|,
30,150,1939,|,
30,235,1939,toss,
30,450,1943,|,
30,1881,1939,PC,pc
30,2460,1939,arc,arc
30,2546,1939,srC,src
30,2710,1939,farcisrc,farcisrc
30,2915,1939,||,
30,150,1995,|,
30,235,1995,toa,
30,426,1995,|,
30,597,1995,CCT,
30,847,1995,Caco,
30,1130,1995,fapcepc,fapcepc
30,1354,1995,|,
30,1493,1999,|,
30,1576,1999,Ears,
30,150,2052,|,
30,235,2052,toss,
30,450,2056,||,
30,1124,2052,epctpc,epctpc
30,1361,2056,|,
30,2342,2052,ChCP,
30,2980,2052,C.APC,c.apc
30,150,2108,|,
30,235,2108,toa,
30,439,2108,fapcapcjapc.apc,fapcapcjapc.apc
30,933,2108,|,
30,1137,2108,"fapcspc,","fapcspc,"
30,1348,2108,|,
30,1361,2112,|,
30,150,2165,|,
30,248,2165,oar,
30,433,2165,|,
30,597,2165,CT,
30,841,2165,CT,
30,1065,2165,eters,
30,1361,2169,||,
30,150,2221,|,
30,235,2221,tos,
30,433,2221,|,
30,1032,2221,farce,farce
30,1841,2221,farcgrc_|apcsec,farcgrc_|apcsec
30,2250,2221,[|,
30,2388,2225,|,
30,2618,2225,|,
30,150,2278,|,
30,235,2278,ton,
30,446,2278,|,
30,624,2278,Cidrc3pC_Japc.spc_fapcapc,3c
30,1348,2278,|,
30,1493,2282,|,
30,1743,2282,|,
30,1986,2282,|,
30,150,2334,|,
30,235,2334,too,
30,446,2334,|,
30,1045,2334,score,
31,152,104,Camp,
31,259,104,Mather,
31,380,104,2026,
31,470,104,Waiting,
31,604,104,List,
31,153,217,Find,
31,228,213,your,
31,306,213,waiting,
31,433,217,list,
31,490,217,number.,
31,634,217,Count,
31,743,217,number,
31,877,217,of,
31,916,217,families,
31,1054,217,above,
31,1158,223,you,
31,1227,217,requesting,
31,1406,223,same,
31,1502,217,week(s),
31,1638,217,/,
31,1660,217,cabin,
31,1758,217,size(s).,
31,188,370,Waiting,
31,334,370,List#,
31,458,374,May31-June3,
31,755,374,June3-6,
31,946,374,June7-13,
31,1152,374,June14-20,
31,1367,374,June21-27,
31,1582,374,June28-July4,
31,1860,374,July5-11,
31,2066,374,July12-18,
31,2266,374,July19-25,
31,2472,374,July,
31,2549,374,26-Aug1,
31,2728,370,Aug,
31,2796,374,2-8,
31,2934,370,Aug,
31,3005,374,9-15,
31,150,386,Pr,
31,450,386,||,
31,932,386,farce,farce
31,1136,386,apcapc,apcapc
31,1348,386,|,
31,1493,386,||,
31,2062,386,rcs,rcs
31,2258,386,|,
31,2394,417,|,
31,150,443,aoe,
31,532,443,SOS~*~<“~*~idSC“<~‘~*‘idi,
31,1000,443,gr,
31,1204,443,SSC*dYSC*‘“‘C™*#sdSPOIS,
31,1807,443,CdS,
31,2062,443,|,
31,2060,474,CPSCOCC*iSC“‘CNCSCYLC#NNC#”,
31,150,499,[4058,
31,447,499,fppozp—ippozec,
31,932,499,|,
31,1042,499,—siapozpo,
31,1340,499,=P,
31,1361,530,CSSCCSCSC~‘“iRSSC*C‘iSNNNNUYS,
31,2368,499,Ww,
31,2411,499,~SsPSS—SSSid,
31,150,556,[4054,
31,439,556,fapcapc_fapcaec,fapcapc_fapcaec
31,940,556,|,
31,1068,587,|,
31,1272,556,iP,
31,1476,556,Cd,
31,1688,556,SCSCisSC‘“‘iTSSCisS,
31,2377,556,Cr,
31,2598,556,CdS,
31,150,612,SE,
31,320,643,a,
31,456,643,OO,
31,949,643,OO,
31,1833,612,S00,
31,2283,612,So,
31,940,700,erred,
31,2066,669,CSdSC,
31,2372,700,SCCSCSSC‘“‘“‘(#SSOC*™S,
31,1146,756,sas,
31,1361,813,area,
31,2054,782,fare,
31,2147,782,aec_farcarc,aec_farcarc
31,2462,782,[SCY,
31,2768,782,SSCidCOCS*”,
31,1357,838,_Teses,
31,1854,838,|),
31,2164,838,OCSCid,
31,2564,838,TS,
31,2725,838,oS,
31,1361,926,ieee,
31,2045,895,|,
31,2156,926,_—ierosecfercsrc,_—ierosecfercsrc
31,2691,895,||,
31,2997,895,OCS,
31,1361,982,a,
31,1722,982,Ca,
31,2060,982,Coo,
31,1361,1039,[rear,
31,2037,1008,|,
31,2156,1008,—=*isroapc,—=*isroapc
31,2453,1008,scare,
31,2717,1008,|,
31,2853,1008,SCidT,
31,2972,1008,OCS,
31,1576,1095,errors,
31,940,1121,feces,
31,1361,1121,|,
31,1361,1152,SCSC~—tiSSSC—<‘irSS~dSCSCSCSC*i,
31,2534,1121,PTS,
31,2695,1121,SPT,
31,150,1177,[4065,
31,592,1177,SSCi,
31,804,1208,a,
31,949,1177,woo,
31,1476,1177,CdCiCSd,
31,2164,1177,dice,
31,154,1265,pa05SSC~dSCSSCiPcze,pa05ssc~dscsscipcze
31,1136,1234,|,
31,1255,1265,CCSCSC~‘iSSC‘(‘“‘*S*t*sSSCSC~‘iSC“‘(SNSSNCSSCS*dYSC*i,
31,2963,1234,PP,
31,154,1321,9067,
31,2521,1290,ee,
31,2819,1290,SP,
31,2921,1290,Jor,
31,3014,1290,SPC,spc
31,150,1347,pas,
31,450,1378,"SSC—~SC(ti‘“‘“RSSC“‘“RNNNC#C“‘#CSNSC*dSSCNNW""",
31,1935,1347,=i,
31,2156,1347,PO,
31,2258,1347,faPOSPCapcarc,fapospcapcarc
31,2700,1347,|,
31,150,1403,[4069,
31,583,1403,SSSC*i,
31,804,1403,BHC,
31,949,1403,POPC,popc
31,1144,1403,fpposPo,
31,1450,1403,CP,
31,1697,1403,CSCiCC‘idSC,
31,2122,1403,(ST,
31,2351,1403,TCCUCCSC‘iSSC“(C(SSdL,
31,2989,1403,OC”,
